weather_id,city,date,temperature_celsius,humidity_percent,wind_speed_kmh,visibility_meters,condition,precipitation_mm,weather_risk_score,timestamp
1,Bengaluru,2025-01-01,25.3,72,22.2,1544,Cloudy,0.1,0.5,2025-01-01T12:00:00
2,Mumbai,2025-01-01,17.6,48,35.2,8138,Rainy,20.1,0.7,2025-01-01T12:00:00
3,Delhi,2025-01-01,21.3,68,13.2,2253,Rainy,31.1,0.7,2025-01-01T12:00:00
4,Chennai,2025-01-01,31.4,62,31.8,2063,Rainy,8.9,0.7,2025-01-01T12:00:00
5,Lucknow,2025-01-01,19.2,72,8.1,4881,Rainy,47.3,0.7,2025-01-01T12:00:00
6,Kolkata,2025-01-01,27.8,72,37.5,1562,Rainy,0.4,0.7,2025-01-01T12:00:00
7,Hyderabad,2025-01-01,27.4,91,22.1,4876,Cloudy,1.5,0.5,2025-01-01T12:00:00
8,Ahmedabad,2025-01-01,21.3,55,11.3,9125,Rainy,46.3,0.7,2025-01-01T12:00:00
9,Pune,2025-01-01,16.4,87,35.7,7190,Rainy,0.0,0.7,2025-01-01T12:00:00
10,Jaipur,2025-01-01,29.3,54,38.0,3010,Cloudy,0.1,0.5,2025-01-01T12:00:00
11,Bengaluru,2025-01-02,30.9,60,13.8,5271,Cloudy,0.3,0.5,2025-01-02T12:00:00
12,Mumbai,2025-01-02,25.1,81,2.9,4877,Clear,0.3,0.3,2025-01-02T12:00:00
13,Delhi,2025-01-02,34.9,40,17.9,2931,Partly Cloudy,1.1,0.5,2025-01-02T12:00:00
14,Chennai,2025-01-02,17.8,45,20.0,1989,Clear,1.4,0.3,2025-01-02T12:00:00
15,Lucknow,2025-01-02,32.1,92,15.7,4834,Clear,0.1,0.3,2025-01-02T12:00:00
16,Kolkata,2025-01-02,26.3,51,10.1,4806,Clear,1.7,0.3,2025-01-02T12:00:00
17,Hyderabad,2025-01-02,28.0,89,23.8,4932,Partly Cloudy,0.1,0.5,2025-01-02T12:00:00
18,Ahmedabad,2025-01-02,34.3,57,17.6,7500,Clear,0.6,0.3,2025-01-02T12:00:00
19,Pune,2025-01-02,32.2,77,18.2,1970,Partly Cloudy,2.0,0.5,2025-01-02T12:00:00
20,Jaipur,2025-01-02,23.3,55,11.0,6708,Clear,1.4,0.3,2025-01-02T12:00:00
21,Bengaluru,2025-01-03,31.5,55,29.5,940,Partly Cloudy,1.2,0.5,2025-01-03T12:00:00
22,Mumbai,2025-01-03,28.3,70,22.9,4673,Clear,0.1,0.3,2025-01-03T12:00:00
23,Delhi,2025-01-03,33.9,45,18.6,5235,Cloudy,0.0,0.5,2025-01-03T12:00:00
24,Chennai,2025-01-03,17.3,88,15.7,9695,Partly Cloudy,1.8,0.5,2025-01-03T12:00:00
25,Lucknow,2025-01-03,22.8,52,34.6,7234,Clear,1.3,0.3,2025-01-03T12:00:00
26,Kolkata,2025-01-03,21.5,42,14.1,757,Clear,0.6,0.3,2025-01-03T12:00:00
27,Hyderabad,2025-01-03,19.5,52,21.7,3474,Clear,0.4,0.3,2025-01-03T12:00:00
28,Ahmedabad,2025-01-03,27.1,68,27.9,9722,Clear,1.8,0.3,2025-01-03T12:00:00
29,Pune,2025-01-03,33.2,74,28.5,4572,Partly Cloudy,0.5,0.5,2025-01-03T12:00:00
30,Jaipur,2025-01-03,19.5,46,3.2,1524,Partly Cloudy,0.1,0.5,2025-01-03T12:00:00
31,Bengaluru,2025-01-04,28.7,79,7.7,4647,Cloudy,0.1,0.5,2025-01-04T12:00:00
32,Mumbai,2025-01-04,30.7,61,14.9,4005,Partly Cloudy,2.0,0.5,2025-01-04T12:00:00
33,Delhi,2025-01-04,27.9,78,0.4,2790,Cloudy,1.1,0.5,2025-01-04T12:00:00
34,Chennai,2025-01-04,29.3,75,34.3,1929,Clear,0.6,0.3,2025-01-04T12:00:00
35,Lucknow,2025-01-04,19.3,62,10.3,6986,Clear,0.5,0.3,2025-01-04T12:00:00
36,Kolkata,2025-01-04,34.4,67,17.0,8301,Clear,0.4,0.3,2025-01-04T12:00:00
37,Hyderabad,2025-01-04,32.6,47,32.3,9207,Clear,0.1,0.3,2025-01-04T12:00:00
38,Ahmedabad,2025-01-04,29.0,44,24.1,4420,Clear,0.4,0.3,2025-01-04T12:00:00
39,Pune,2025-01-04,16.6,42,16.0,3104,Partly Cloudy,2.0,0.5,2025-01-04T12:00:00
40,Jaipur,2025-01-04,20.5,69,5.5,9541,Cloudy,0.5,0.5,2025-01-04T12:00:00
41,Bengaluru,2025-01-05,23.2,43,29.1,2657,Clear,1.6,0.3,2025-01-05T12:00:00
42,Mumbai,2025-01-05,21.5,69,32.4,7571,Clear,1.6,0.3,2025-01-05T12:00:00
43,Delhi,2025-01-05,21.9,82,28.2,8597,Clear,2.0,0.3,2025-01-05T12:00:00
44,Chennai,2025-01-05,20.7,77,24.6,9894,Clear,1.2,0.3,2025-01-05T12:00:00
45,Lucknow,2025-01-05,16.5,51,13.9,2511,Clear,1.2,0.3,2025-01-05T12:00:00
46,Kolkata,2025-01-05,15.3,75,15.3,4857,Partly Cloudy,0.9,0.5,2025-01-05T12:00:00
47,Hyderabad,2025-01-05,20.8,55,30.4,1994,Clear,0.1,0.3,2025-01-05T12:00:00
48,Ahmedabad,2025-01-05,15.1,63,39.2,7616,Clear,1.9,0.3,2025-01-05T12:00:00
49,Pune,2025-01-05,21.2,88,33.0,2114,Partly Cloudy,0.7,0.5,2025-01-05T12:00:00
50,Jaipur,2025-01-05,28.7,82,7.3,3964,Clear,0.5,0.3,2025-01-05T12:00:00
51,Bengaluru,2025-01-06,22.3,88,1.6,2110,Partly Cloudy,0.9,0.5,2025-01-06T12:00:00
52,Mumbai,2025-01-06,29.2,89,1.2,8561,Partly Cloudy,1.4,0.5,2025-01-06T12:00:00
53,Delhi,2025-01-06,18.1,45,0.9,1164,Clear,0.4,0.3,2025-01-06T12:00:00
54,Chennai,2025-01-06,18.8,56,4.9,5337,Clear,1.6,0.3,2025-01-06T12:00:00
55,Lucknow,2025-01-06,18.0,62,27.7,7326,Partly Cloudy,1.9,0.5,2025-01-06T12:00:00
56,Kolkata,2025-01-06,27.6,91,33.5,4040,Cloudy,0.1,0.5,2025-01-06T12:00:00
57,Hyderabad,2025-01-06,22.1,67,31.7,597,Clear,0.6,0.3,2025-01-06T12:00:00
58,Ahmedabad,2025-01-06,21.1,76,1.1,3928,Partly Cloudy,1.9,0.5,2025-01-06T12:00:00
59,Pune,2025-01-06,31.6,52,0.5,3312,Partly Cloudy,0.1,0.5,2025-01-06T12:00:00
60,Jaipur,2025-01-06,26.8,55,37.9,3702,Clear,1.8,0.3,2025-01-06T12:00:00
61,Bengaluru,2025-01-07,15.1,42,18.6,9580,Cloudy,0.1,0.5,2025-01-07T12:00:00
62,Mumbai,2025-01-07,16.3,73,4.3,3759,Clear,1.0,0.3,2025-01-07T12:00:00
63,Delhi,2025-01-07,22.7,47,38.7,4292,Clear,1.1,0.3,2025-01-07T12:00:00
64,Chennai,2025-01-07,27.1,51,30.9,9109,Clear,1.6,0.3,2025-01-07T12:00:00
65,Lucknow,2025-01-07,33.6,66,14.8,4893,Partly Cloudy,0.4,0.5,2025-01-07T12:00:00
66,Kolkata,2025-01-07,28.3,55,12.4,2614,Clear,0.4,0.3,2025-01-07T12:00:00
67,Hyderabad,2025-01-07,25.1,61,18.0,7832,Partly Cloudy,1.0,0.5,2025-01-07T12:00:00
68,Ahmedabad,2025-01-07,28.2,89,26.8,820,Clear,0.9,0.3,2025-01-07T12:00:00
69,Pune,2025-01-07,31.2,54,25.4,787,Clear,1.3,0.3,2025-01-07T12:00:00
70,Jaipur,2025-01-07,27.6,94,12.9,4964,Cloudy,1.2,0.5,2025-01-07T12:00:00
71,Bengaluru,2025-01-08,25.5,92,8.5,3027,Cloudy,0.2,0.5,2025-01-08T12:00:00
72,Mumbai,2025-01-08,23.9,93,19.6,1342,Cloudy,0.8,0.5,2025-01-08T12:00:00
73,Delhi,2025-01-08,26.5,88,25.4,1449,Rainy,5.5,0.7,2025-01-08T12:00:00
74,Chennai,2025-01-08,21.3,45,13.4,2834,Cloudy,1.4,0.5,2025-01-08T12:00:00
75,Lucknow,2025-01-08,17.5,78,10.7,6110,Cloudy,0.9,0.5,2025-01-08T12:00:00
76,Kolkata,2025-01-08,31.7,44,6.3,3065,Cloudy,0.5,0.5,2025-01-08T12:00:00
77,Hyderabad,2025-01-08,27.7,47,30.3,8768,Rainy,10.5,0.7,2025-01-08T12:00:00
78,Ahmedabad,2025-01-08,30.4,47,39.2,5451,Rainy,10.9,0.7,2025-01-08T12:00:00
79,Pune,2025-01-08,31.6,84,27.5,1653,Rainy,21.8,0.7,2025-01-08T12:00:00
80,Jaipur,2025-01-08,15.8,93,30.3,5782,Rainy,29.5,0.7,2025-01-08T12:00:00
81,Bengaluru,2025-01-09,27.4,57,39.5,1773,Clear,0.3,0.3,2025-01-09T12:00:00
82,Mumbai,2025-01-09,21.8,87,33.1,584,Clear,1.2,0.3,2025-01-09T12:00:00
83,Delhi,2025-01-09,33.6,52,9.7,7699,Clear,1.4,0.3,2025-01-09T12:00:00
84,Chennai,2025-01-09,31.0,56,28.6,7783,Clear,0.5,0.3,2025-01-09T12:00:00
85,Lucknow,2025-01-09,32.6,73,14.6,2292,Clear,1.8,0.3,2025-01-09T12:00:00
86,Kolkata,2025-01-09,15.8,85,8.4,9497,Clear,1.5,0.3,2025-01-09T12:00:00
87,Hyderabad,2025-01-09,33.5,64,32.3,4613,Clear,0.7,0.3,2025-01-09T12:00:00
88,Ahmedabad,2025-01-09,29.3,72,21.5,962,Cloudy,1.2,0.5,2025-01-09T12:00:00
89,Pune,2025-01-09,26.7,52,7.4,9126,Clear,1.7,0.3,2025-01-09T12:00:00
90,Jaipur,2025-01-09,27.2,41,36.4,5785,Clear,1.2,0.3,2025-01-09T12:00:00
91,Bengaluru,2025-01-10,30.5,42,36.1,9574,Cloudy,0.7,0.5,2025-01-10T12:00:00
92,Mumbai,2025-01-10,34.5,66,23.7,5590,Cloudy,1.5,0.5,2025-01-10T12:00:00
93,Delhi,2025-01-10,17.9,89,30.9,1971,Clear,1.6,0.3,2025-01-10T12:00:00
94,Chennai,2025-01-10,27.9,76,16.0,6719,Clear,0.6,0.3,2025-01-10T12:00:00
95,Lucknow,2025-01-10,28.4,65,11.3,8928,Partly Cloudy,0.9,0.5,2025-01-10T12:00:00
96,Kolkata,2025-01-10,26.0,70,20.6,3283,Partly Cloudy,1.2,0.5,2025-01-10T12:00:00
97,Hyderabad,2025-01-10,18.8,42,13.9,7446,Clear,1.7,0.3,2025-01-10T12:00:00
98,Ahmedabad,2025-01-10,15.2,69,17.2,3928,Cloudy,0.5,0.5,2025-01-10T12:00:00
99,Pune,2025-01-10,24.2,86,16.0,9592,Clear,1.3,0.3,2025-01-10T12:00:00
100,Jaipur,2025-01-10,26.8,89,33.9,736,Partly Cloudy,0.7,0.5,2025-01-10T12:00:00
101,Bengaluru,2025-01-11,20.2,46,30.5,3858,Clear,1.7,0.3,2025-01-11T12:00:00
102,Mumbai,2025-01-11,21.8,68,2.4,793,Clear,1.9,0.3,2025-01-11T12:00:00
103,Delhi,2025-01-11,21.7,92,17.4,6769,Clear,0.5,0.3,2025-01-11T12:00:00
104,Chennai,2025-01-11,18.8,68,24.4,9191,Partly Cloudy,1.3,0.5,2025-01-11T12:00:00
105,Lucknow,2025-01-11,22.3,55,5.7,2504,Clear,1.9,0.3,2025-01-11T12:00:00
106,Kolkata,2025-01-11,33.0,56,21.4,1788,Clear,1.0,0.3,2025-01-11T12:00:00
107,Hyderabad,2025-01-11,33.2,57,27.4,4112,Clear,1.2,0.3,2025-01-11T12:00:00
108,Ahmedabad,2025-01-11,23.2,47,31.9,6544,Clear,1.3,0.3,2025-01-11T12:00:00
109,Pune,2025-01-11,28.2,75,24.4,5632,Cloudy,0.6,0.5,2025-01-11T12:00:00
110,Jaipur,2025-01-11,31.5,46,10.8,8427,Clear,0.2,0.3,2025-01-11T12:00:00
111,Bengaluru,2025-01-12,21.1,46,33.7,4836,Clear,1.1,0.3,2025-01-12T12:00:00
112,Mumbai,2025-01-12,28.9,67,6.1,9365,Clear,1.4,0.3,2025-01-12T12:00:00
113,Delhi,2025-01-12,26.5,81,37.5,2727,Clear,1.5,0.3,2025-01-12T12:00:00
114,Chennai,2025-01-12,21.2,49,8.7,1046,Clear,0.9,0.3,2025-01-12T12:00:00
115,Lucknow,2025-01-12,34.2,66,14.2,9429,Partly Cloudy,0.6,0.5,2025-01-12T12:00:00
116,Kolkata,2025-01-12,26.0,59,29.9,2475,Clear,0.1,0.3,2025-01-12T12:00:00
117,Hyderabad,2025-01-12,24.6,55,19.2,1299,Partly Cloudy,1.5,0.5,2025-01-12T12:00:00
118,Ahmedabad,2025-01-12,26.2,93,25.6,6287,Partly Cloudy,0.2,0.5,2025-01-12T12:00:00
119,Pune,2025-01-12,18.8,76,5.0,8931,Clear,1.9,0.3,2025-01-12T12:00:00
120,Jaipur,2025-01-12,26.6,77,15.3,8338,Clear,1.7,0.3,2025-01-12T12:00:00
121,Bengaluru,2025-01-13,34.0,65,17.3,9090,Clear,1.9,0.3,2025-01-13T12:00:00
122,Mumbai,2025-01-13,17.1,80,13.7,1451,Cloudy,1.5,0.5,2025-01-13T12:00:00
123,Delhi,2025-01-13,21.8,90,3.2,4997,Clear,1.0,0.3,2025-01-13T12:00:00
124,Chennai,2025-01-13,21.0,50,11.3,3507,Cloudy,0.9,0.5,2025-01-13T12:00:00
125,Lucknow,2025-01-13,27.8,63,29.8,2229,Clear,1.5,0.3,2025-01-13T12:00:00
126,Kolkata,2025-01-13,32.3,88,37.7,4709,Partly Cloudy,0.3,0.5,2025-01-13T12:00:00
127,Hyderabad,2025-01-13,30.6,52,5.4,5510,Clear,0.7,0.3,2025-01-13T12:00:00
128,Ahmedabad,2025-01-13,25.9,67,20.1,3045,Clear,0.8,0.3,2025-01-13T12:00:00
129,Pune,2025-01-13,16.7,72,0.5,4520,Partly Cloudy,1.8,0.5,2025-01-13T12:00:00
130,Jaipur,2025-01-13,20.6,63,22.4,5380,Clear,1.8,0.3,2025-01-13T12:00:00
131,Bengaluru,2025-01-14,26.9,53,36.4,4242,Partly Cloudy,0.5,0.5,2025-01-14T12:00:00
132,Mumbai,2025-01-14,26.2,64,36.6,1717,Partly Cloudy,0.6,0.5,2025-01-14T12:00:00
133,Delhi,2025-01-14,15.3,63,14.6,2194,Cloudy,0.2,0.5,2025-01-14T12:00:00
134,Chennai,2025-01-14,30.4,62,19.8,2324,Partly Cloudy,0.3,0.5,2025-01-14T12:00:00
135,Lucknow,2025-01-14,28.9,44,0.2,2793,Clear,1.8,0.3,2025-01-14T12:00:00
136,Kolkata,2025-01-14,29.5,84,6.2,1886,Clear,0.2,0.3,2025-01-14T12:00:00
137,Hyderabad,2025-01-14,20.8,81,27.6,8976,Clear,1.8,0.3,2025-01-14T12:00:00
138,Ahmedabad,2025-01-14,18.8,51,23.0,8916,Clear,0.3,0.3,2025-01-14T12:00:00
139,Pune,2025-01-14,29.3,40,23.6,6345,Clear,0.6,0.3,2025-01-14T12:00:00
140,Jaipur,2025-01-14,17.8,79,0.4,3554,Clear,1.1,0.3,2025-01-14T12:00:00
141,Bengaluru,2025-01-15,26.0,68,26.2,2213,Cloudy,0.9,0.5,2025-01-15T12:00:00
142,Mumbai,2025-01-15,33.2,55,37.1,5948,Cloudy,0.8,0.5,2025-01-15T12:00:00
143,Delhi,2025-01-15,25.9,48,13.0,1769,Rainy,4.4,0.7,2025-01-15T12:00:00
144,Chennai,2025-01-15,16.6,57,33.3,7964,Cloudy,1.8,0.5,2025-01-15T12:00:00
145,Lucknow,2025-01-15,19.9,92,5.2,9639,Rainy,45.1,0.7,2025-01-15T12:00:00
146,Kolkata,2025-01-15,27.8,48,17.9,9303,Rainy,28.6,0.7,2025-01-15T12:00:00
147,Hyderabad,2025-01-15,24.0,81,33.2,6125,Cloudy,0.4,0.5,2025-01-15T12:00:00
148,Ahmedabad,2025-01-15,31.5,62,1.0,4260,Cloudy,0.4,0.5,2025-01-15T12:00:00
149,Pune,2025-01-15,31.5,82,8.7,9784,Cloudy,0.7,0.5,2025-01-15T12:00:00
150,Jaipur,2025-01-15,30.9,73,6.4,1547,Rainy,3.2,0.7,2025-01-15T12:00:00
151,Bengaluru,2025-01-16,34.1,45,20.1,2390,Partly Cloudy,1.0,0.5,2025-01-16T12:00:00
152,Mumbai,2025-01-16,28.8,71,4.2,3998,Clear,1.9,0.3,2025-01-16T12:00:00
153,Delhi,2025-01-16,15.6,83,37.6,9676,Clear,0.5,0.3,2025-01-16T12:00:00
154,Chennai,2025-01-16,21.0,89,38.6,2703,Partly Cloudy,1.0,0.5,2025-01-16T12:00:00
155,Lucknow,2025-01-16,34.6,80,16.4,6461,Clear,1.8,0.3,2025-01-16T12:00:00
156,Kolkata,2025-01-16,21.1,90,36.0,7094,Partly Cloudy,1.7,0.5,2025-01-16T12:00:00
157,Hyderabad,2025-01-16,21.5,92,24.6,3990,Clear,1.6,0.3,2025-01-16T12:00:00
158,Ahmedabad,2025-01-16,24.1,81,32.6,5193,Clear,0.5,0.3,2025-01-16T12:00:00
159,Pune,2025-01-16,21.6,52,13.6,9622,Clear,1.0,0.3,2025-01-16T12:00:00
160,Jaipur,2025-01-16,33.6,92,27.0,6606,Clear,0.2,0.3,2025-01-16T12:00:00
161,Bengaluru,2025-01-17,28.2,91,32.5,4223,Partly Cloudy,1.0,0.5,2025-01-17T12:00:00
162,Mumbai,2025-01-17,18.1,53,36.4,4211,Clear,0.3,0.3,2025-01-17T12:00:00
163,Delhi,2025-01-17,21.3,46,26.2,9851,Partly Cloudy,0.9,0.5,2025-01-17T12:00:00
164,Chennai,2025-01-17,30.9,73,34.8,6767,Cloudy,0.7,0.5,2025-01-17T12:00:00
165,Lucknow,2025-01-17,27.9,86,7.2,4332,Clear,0.6,0.3,2025-01-17T12:00:00
166,Kolkata,2025-01-17,30.3,46,15.6,9976,Partly Cloudy,0.3,0.5,2025-01-17T12:00:00
167,Hyderabad,2025-01-17,24.6,94,29.9,8940,Clear,1.6,0.3,2025-01-17T12:00:00
168,Ahmedabad,2025-01-17,32.3,88,21.9,1174,Cloudy,2.0,0.5,2025-01-17T12:00:00
169,Pune,2025-01-17,16.4,81,24.0,6835,Cloudy,1.7,0.5,2025-01-17T12:00:00
170,Jaipur,2025-01-17,18.1,52,33.8,9069,Clear,0.5,0.3,2025-01-17T12:00:00
171,Bengaluru,2025-01-18,25.9,82,7.0,6972,Clear,1.2,0.3,2025-01-18T12:00:00
172,Mumbai,2025-01-18,16.9,40,25.4,5101,Partly Cloudy,0.0,0.5,2025-01-18T12:00:00
173,Delhi,2025-01-18,16.5,41,13.2,5225,Clear,1.8,0.3,2025-01-18T12:00:00
174,Chennai,2025-01-18,29.6,77,8.5,2164,Clear,1.6,0.3,2025-01-18T12:00:00
175,Lucknow,2025-01-18,16.1,53,4.0,4604,Clear,0.5,0.3,2025-01-18T12:00:00
176,Kolkata,2025-01-18,17.5,48,34.0,7864,Clear,0.9,0.3,2025-01-18T12:00:00
177,Hyderabad,2025-01-18,15.9,53,18.6,6582,Cloudy,0.9,0.5,2025-01-18T12:00:00
178,Ahmedabad,2025-01-18,33.6,55,39.4,8467,Partly Cloudy,1.3,0.5,2025-01-18T12:00:00
179,Pune,2025-01-18,19.7,52,3.4,7390,Partly Cloudy,0.4,0.5,2025-01-18T12:00:00
180,Jaipur,2025-01-18,23.4,66,10.3,7192,Partly Cloudy,1.0,0.5,2025-01-18T12:00:00
181,Bengaluru,2025-01-19,22.1,82,28.5,5748,Partly Cloudy,0.7,0.5,2025-01-19T12:00:00
182,Mumbai,2025-01-19,16.8,45,37.9,3036,Partly Cloudy,0.7,0.5,2025-01-19T12:00:00
183,Delhi,2025-01-19,25.5,44,31.2,2989,Partly Cloudy,0.4,0.5,2025-01-19T12:00:00
184,Chennai,2025-01-19,23.2,43,29.4,2775,Clear,1.7,0.3,2025-01-19T12:00:00
185,Lucknow,2025-01-19,19.4,79,9.3,7358,Partly Cloudy,0.3,0.5,2025-01-19T12:00:00
186,Kolkata,2025-01-19,15.2,58,5.8,4830,Partly Cloudy,1.9,0.5,2025-01-19T12:00:00
187,Hyderabad,2025-01-19,26.4,80,17.3,1217,Clear,0.6,0.3,2025-01-19T12:00:00
188,Ahmedabad,2025-01-19,21.7,87,37.7,7065,Clear,0.4,0.3,2025-01-19T12:00:00
189,Pune,2025-01-19,31.1,50,9.6,3105,Clear,1.8,0.3,2025-01-19T12:00:00
190,Jaipur,2025-01-19,22.1,84,30.2,6386,Clear,0.2,0.3,2025-01-19T12:00:00
191,Bengaluru,2025-01-20,22.6,41,27.1,781,Partly Cloudy,0.7,0.5,2025-01-20T12:00:00
192,Mumbai,2025-01-20,30.2,74,0.4,2119,Partly Cloudy,1.9,0.5,2025-01-20T12:00:00
193,Delhi,2025-01-20,19.1,63,32.4,8703,Partly Cloudy,1.6,0.5,2025-01-20T12:00:00
194,Chennai,2025-01-20,19.8,79,9.7,751,Clear,0.8,0.3,2025-01-20T12:00:00
195,Lucknow,2025-01-20,23.0,80,13.7,7383,Clear,0.2,0.3,2025-01-20T12:00:00
196,Kolkata,2025-01-20,29.1,52,28.7,8061,Clear,1.7,0.3,2025-01-20T12:00:00
197,Hyderabad,2025-01-20,22.5,49,8.3,8965,Clear,1.7,0.3,2025-01-20T12:00:00
198,Ahmedabad,2025-01-20,16.2,86,0.3,8833,Clear,0.4,0.3,2025-01-20T12:00:00
199,Pune,2025-01-20,25.0,86,11.8,5639,Partly Cloudy,1.1,0.5,2025-01-20T12:00:00
200,Jaipur,2025-01-20,21.9,80,32.8,2240,Cloudy,1.6,0.5,2025-01-20T12:00:00
201,Bengaluru,2025-01-21,26.5,78,19.6,2403,Clear,1.3,0.3,2025-01-21T12:00:00
202,Mumbai,2025-01-21,17.2,50,25.2,3863,Clear,1.7,0.3,2025-01-21T12:00:00
203,Delhi,2025-01-21,29.3,78,9.2,6042,Partly Cloudy,0.3,0.5,2025-01-21T12:00:00
204,Chennai,2025-01-21,28.6,78,37.4,7239,Clear,0.1,0.3,2025-01-21T12:00:00
205,Lucknow,2025-01-21,26.8,51,29.8,1414,Cloudy,1.2,0.5,2025-01-21T12:00:00
206,Kolkata,2025-01-21,20.6,73,15.1,5808,Partly Cloudy,1.6,0.5,2025-01-21T12:00:00
207,Hyderabad,2025-01-21,18.6,41,27.2,8669,Clear,1.2,0.3,2025-01-21T12:00:00
208,Ahmedabad,2025-01-21,16.6,88,14.5,3823,Cloudy,2.0,0.5,2025-01-21T12:00:00
209,Pune,2025-01-21,19.8,62,35.6,1815,Clear,0.3,0.3,2025-01-21T12:00:00
210,Jaipur,2025-01-21,29.5,61,6.7,5435,Partly Cloudy,1.8,0.5,2025-01-21T12:00:00
211,Bengaluru,2025-01-22,31.8,68,12.3,8573,Rainy,19.3,0.7,2025-01-22T12:00:00
212,Mumbai,2025-01-22,17.4,78,3.4,1559,Cloudy,0.6,0.5,2025-01-22T12:00:00
213,Delhi,2025-01-22,26.2,42,3.4,8101,Cloudy,0.9,0.5,2025-01-22T12:00:00
214,Chennai,2025-01-22,26.2,90,35.6,5485,Rainy,45.7,0.7,2025-01-22T12:00:00
215,Lucknow,2025-01-22,24.5,50,30.2,755,Cloudy,1.4,0.5,2025-01-22T12:00:00
216,Kolkata,2025-01-22,22.5,45,17.4,7839,Rainy,11.0,0.7,2025-01-22T12:00:00
217,Hyderabad,2025-01-22,28.1,67,15.7,2219,Cloudy,0.7,0.5,2025-01-22T12:00:00
218,Ahmedabad,2025-01-22,17.7,59,25.6,3605,Cloudy,0.1,0.5,2025-01-22T12:00:00
219,Pune,2025-01-22,32.2,81,34.2,4078,Cloudy,1.5,0.5,2025-01-22T12:00:00
220,Jaipur,2025-01-22,23.8,53,29.2,9851,Rainy,21.6,0.7,2025-01-22T12:00:00
221,Bengaluru,2025-01-23,34.4,68,9.0,4241,Clear,0.1,0.3,2025-01-23T12:00:00
222,Mumbai,2025-01-23,33.8,49,32.4,5696,Clear,1.0,0.3,2025-01-23T12:00:00
223,Delhi,2025-01-23,19.1,51,15.6,5770,Clear,0.5,0.3,2025-01-23T12:00:00
224,Chennai,2025-01-23,29.3,62,18.3,9274,Clear,0.5,0.3,2025-01-23T12:00:00
225,Lucknow,2025-01-23,17.0,50,34.8,9939,Clear,0.5,0.3,2025-01-23T12:00:00
226,Kolkata,2025-01-23,31.9,72,34.4,1949,Clear,1.2,0.3,2025-01-23T12:00:00
227,Hyderabad,2025-01-23,23.0,66,4.3,6454,Cloudy,1.0,0.5,2025-01-23T12:00:00
228,Ahmedabad,2025-01-23,30.0,57,7.0,5837,Cloudy,1.1,0.5,2025-01-23T12:00:00
229,Pune,2025-01-23,20.1,52,14.2,1855,Cloudy,1.1,0.5,2025-01-23T12:00:00
230,Jaipur,2025-01-23,25.6,93,13.8,2573,Partly Cloudy,0.2,0.5,2025-01-23T12:00:00
231,Bengaluru,2025-01-24,15.5,69,32.6,1310,Cloudy,0.4,0.5,2025-01-24T12:00:00
232,Mumbai,2025-01-24,33.9,76,29.2,9271,Partly Cloudy,1.0,0.5,2025-01-24T12:00:00
233,Delhi,2025-01-24,15.3,86,17.9,8158,Partly Cloudy,0.9,0.5,2025-01-24T12:00:00
234,Chennai,2025-01-24,30.8,85,8.0,2456,Clear,0.4,0.3,2025-01-24T12:00:00
235,Lucknow,2025-01-24,22.2,49,1.9,3798,Partly Cloudy,1.2,0.5,2025-01-24T12:00:00
236,Kolkata,2025-01-24,27.9,65,29.3,7582,Clear,0.9,0.3,2025-01-24T12:00:00
237,Hyderabad,2025-01-24,31.0,71,31.2,4675,Clear,1.7,0.3,2025-01-24T12:00:00
238,Ahmedabad,2025-01-24,16.5,90,29.5,6231,Clear,1.8,0.3,2025-01-24T12:00:00
239,Pune,2025-01-24,22.8,44,29.5,1019,Partly Cloudy,1.5,0.5,2025-01-24T12:00:00
240,Jaipur,2025-01-24,19.7,65,23.2,3964,Cloudy,1.1,0.5,2025-01-24T12:00:00
241,Bengaluru,2025-01-25,20.8,47,28.4,7402,Clear,1.8,0.3,2025-01-25T12:00:00
242,Mumbai,2025-01-25,27.7,52,1.0,8608,Clear,1.5,0.3,2025-01-25T12:00:00
243,Delhi,2025-01-25,30.9,87,39.5,5818,Clear,0.8,0.3,2025-01-25T12:00:00
244,Chennai,2025-01-25,25.9,84,2.0,845,Clear,1.8,0.3,2025-01-25T12:00:00
245,Lucknow,2025-01-25,16.4,50,12.5,1524,Clear,0.6,0.3,2025-01-25T12:00:00
246,Kolkata,2025-01-25,16.9,91,16.4,4145,Clear,0.9,0.3,2025-01-25T12:00:00
247,Hyderabad,2025-01-25,24.4,71,15.6,9186,Cloudy,1.0,0.5,2025-01-25T12:00:00
248,Ahmedabad,2025-01-25,19.6,64,25.9,6680,Cloudy,0.8,0.5,2025-01-25T12:00:00
249,Pune,2025-01-25,15.3,87,16.0,1131,Cloudy,1.0,0.5,2025-01-25T12:00:00
250,Jaipur,2025-01-25,17.9,83,14.4,7552,Cloudy,0.4,0.5,2025-01-25T12:00:00
251,Bengaluru,2025-01-26,17.4,83,34.5,3072,Clear,0.1,0.3,2025-01-26T12:00:00
252,Mumbai,2025-01-26,20.2,47,8.6,2705,Partly Cloudy,1.4,0.5,2025-01-26T12:00:00
253,Delhi,2025-01-26,26.2,63,37.8,1023,Clear,1.4,0.3,2025-01-26T12:00:00
254,Chennai,2025-01-26,21.5,76,1.1,4982,Clear,1.4,0.3,2025-01-26T12:00:00
255,Lucknow,2025-01-26,19.1,54,15.5,6718,Clear,0.4,0.3,2025-01-26T12:00:00
256,Kolkata,2025-01-26,16.5,92,0.4,8279,Partly Cloudy,1.2,0.5,2025-01-26T12:00:00
257,Hyderabad,2025-01-26,18.4,69,31.9,2051,Clear,1.1,0.3,2025-01-26T12:00:00
258,Ahmedabad,2025-01-26,16.9,70,16.6,7845,Partly Cloudy,1.9,0.5,2025-01-26T12:00:00
259,Pune,2025-01-26,29.4,87,9.4,1157,Cloudy,0.4,0.5,2025-01-26T12:00:00
260,Jaipur,2025-01-26,27.6,45,31.4,6087,Clear,1.2,0.3,2025-01-26T12:00:00
261,Bengaluru,2025-01-27,26.3,56,33.3,7144,Clear,0.1,0.3,2025-01-27T12:00:00
262,Mumbai,2025-01-27,26.0,63,3.5,5235,Clear,0.1,0.3,2025-01-27T12:00:00
263,Delhi,2025-01-27,24.9,90,33.8,5903,Cloudy,1.8,0.5,2025-01-27T12:00:00
264,Chennai,2025-01-27,29.8,62,15.2,3250,Cloudy,1.0,0.5,2025-01-27T12:00:00
265,Lucknow,2025-01-27,20.8,81,10.9,8581,Clear,1.4,0.3,2025-01-27T12:00:00
266,Kolkata,2025-01-27,34.7,52,24.6,1191,Clear,0.7,0.3,2025-01-27T12:00:00
267,Hyderabad,2025-01-27,21.1,93,1.0,4075,Cloudy,0.1,0.5,2025-01-27T12:00:00
268,Ahmedabad,2025-01-27,19.7,43,25.7,3872,Clear,1.4,0.3,2025-01-27T12:00:00
269,Pune,2025-01-27,19.5,87,25.1,8418,Clear,1.8,0.3,2025-01-27T12:00:00
270,Jaipur,2025-01-27,32.3,57,8.1,1940,Clear,1.6,0.3,2025-01-27T12:00:00
271,Bengaluru,2025-01-28,18.4,94,0.7,4971,Clear,0.4,0.3,2025-01-28T12:00:00
272,Mumbai,2025-01-28,27.5,85,7.3,2024,Cloudy,0.5,0.5,2025-01-28T12:00:00
273,Delhi,2025-01-28,18.4,70,28.5,4186,Clear,1.0,0.3,2025-01-28T12:00:00
274,Chennai,2025-01-28,21.5,63,30.2,6999,Partly Cloudy,1.1,0.5,2025-01-28T12:00:00
275,Lucknow,2025-01-28,30.4,58,30.7,518,Clear,0.6,0.3,2025-01-28T12:00:00
276,Kolkata,2025-01-28,25.5,90,8.7,1482,Cloudy,0.4,0.5,2025-01-28T12:00:00
277,Hyderabad,2025-01-28,26.3,43,13.9,934,Partly Cloudy,0.4,0.5,2025-01-28T12:00:00
278,Ahmedabad,2025-01-28,30.5,87,30.2,2316,Cloudy,1.0,0.5,2025-01-28T12:00:00
279,Pune,2025-01-28,20.7,87,11.2,5473,Cloudy,0.6,0.5,2025-01-28T12:00:00
280,Jaipur,2025-01-28,32.6,80,24.0,1004,Cloudy,0.2,0.5,2025-01-28T12:00:00
281,Bengaluru,2025-01-29,22.8,88,26.1,1716,Rainy,50.0,0.7,2025-01-29T12:00:00
282,Mumbai,2025-01-29,34.0,71,7.8,5924,Rainy,35.0,0.7,2025-01-29T12:00:00
283,Delhi,2025-01-29,26.7,51,38.5,6773,Rainy,29.8,0.7,2025-01-29T12:00:00
284,Chennai,2025-01-29,29.7,90,37.8,2502,Rainy,22.4,0.7,2025-01-29T12:00:00
285,Lucknow,2025-01-29,32.0,63,18.2,760,Cloudy,0.9,0.5,2025-01-29T12:00:00
286,Kolkata,2025-01-29,33.9,50,33.4,4450,Rainy,39.9,0.7,2025-01-29T12:00:00
287,Hyderabad,2025-01-29,18.9,83,15.9,9986,Rainy,1.5,0.7,2025-01-29T12:00:00
288,Ahmedabad,2025-01-29,26.0,47,14.7,8874,Cloudy,1.8,0.5,2025-01-29T12:00:00
289,Pune,2025-01-29,15.3,74,7.8,1491,Rainy,1.4,0.7,2025-01-29T12:00:00
290,Jaipur,2025-01-29,19.5,78,1.4,7699,Cloudy,0.2,0.5,2025-01-29T12:00:00
291,Bengaluru,2025-01-30,19.8,61,18.3,9980,Clear,1.7,0.3,2025-01-30T12:00:00
292,Mumbai,2025-01-30,32.5,67,10.7,7899,Partly Cloudy,0.8,0.5,2025-01-30T12:00:00
293,Delhi,2025-01-30,29.9,51,5.4,678,Partly Cloudy,1.6,0.5,2025-01-30T12:00:00
294,Chennai,2025-01-30,30.9,41,26.0,4536,Clear,2.0,0.3,2025-01-30T12:00:00
295,Lucknow,2025-01-30,28.2,72,20.7,6577,Partly Cloudy,1.8,0.5,2025-01-30T12:00:00
296,Kolkata,2025-01-30,22.7,78,10.3,6470,Clear,1.1,0.3,2025-01-30T12:00:00
297,Hyderabad,2025-01-30,25.9,42,12.9,5374,Clear,1.8,0.3,2025-01-30T12:00:00
298,Ahmedabad,2025-01-30,30.6,51,22.1,2552,Partly Cloudy,0.9,0.5,2025-01-30T12:00:00
299,Pune,2025-01-30,26.3,46,22.0,692,Partly Cloudy,1.1,0.5,2025-01-30T12:00:00
300,Jaipur,2025-01-30,28.7,57,6.3,1227,Cloudy,0.1,0.5,2025-01-30T12:00:00
301,Bengaluru,2025-01-31,27.2,78,1.9,6285,Partly Cloudy,1.6,0.5,2025-01-31T12:00:00
302,Mumbai,2025-01-31,23.3,61,9.7,8745,Partly Cloudy,1.4,0.5,2025-01-31T12:00:00
303,Delhi,2025-01-31,20.7,56,26.0,8030,Partly Cloudy,1.8,0.5,2025-01-31T12:00:00
304,Chennai,2025-01-31,20.3,47,25.2,3852,Clear,0.4,0.3,2025-01-31T12:00:00
305,Lucknow,2025-01-31,32.6,91,3.2,7677,Partly Cloudy,1.1,0.5,2025-01-31T12:00:00
306,Kolkata,2025-01-31,23.5,64,25.0,5881,Clear,1.4,0.3,2025-01-31T12:00:00
307,Hyderabad,2025-01-31,25.7,76,5.8,7090,Clear,0.2,0.3,2025-01-31T12:00:00
308,Ahmedabad,2025-01-31,23.4,59,32.6,7676,Partly Cloudy,0.7,0.5,2025-01-31T12:00:00
309,Pune,2025-01-31,17.6,66,14.0,6007,Clear,1.4,0.3,2025-01-31T12:00:00
310,Jaipur,2025-01-31,32.5,40,36.7,7583,Clear,0.4,0.3,2025-01-31T12:00:00
311,Bengaluru,2025-02-01,22.8,57,10.4,9005,Partly Cloudy,1.1,0.5,2025-02-01T12:00:00
312,Mumbai,2025-02-01,26.6,72,36.1,701,Clear,1.1,0.3,2025-02-01T12:00:00
313,Delhi,2025-02-01,19.6,66,14.5,3217,Clear,1.5,0.3,2025-02-01T12:00:00
314,Chennai,2025-02-01,30.8,56,25.4,3184,Clear,0.2,0.3,2025-02-01T12:00:00
315,Lucknow,2025-02-01,32.3,58,33.0,5294,Clear,1.5,0.3,2025-02-01T12:00:00
316,Kolkata,2025-02-01,16.2,44,21.5,5391,Clear,1.5,0.3,2025-02-01T12:00:00
317,Hyderabad,2025-02-01,27.1,55,38.9,7908,Cloudy,0.5,0.5,2025-02-01T12:00:00
318,Ahmedabad,2025-02-01,17.5,68,29.3,3596,Partly Cloudy,0.8,0.5,2025-02-01T12:00:00
319,Pune,2025-02-01,18.3,80,38.8,841,Partly Cloudy,1.9,0.5,2025-02-01T12:00:00
320,Jaipur,2025-02-01,28.3,86,5.0,8923,Clear,1.0,0.3,2025-02-01T12:00:00
321,Bengaluru,2025-02-02,30.5,52,30.2,6373,Cloudy,1.0,0.5,2025-02-02T12:00:00
322,Mumbai,2025-02-02,19.1,50,10.0,6581,Clear,1.2,0.3,2025-02-02T12:00:00
323,Delhi,2025-02-02,26.6,46,25.8,6265,Clear,0.9,0.3,2025-02-02T12:00:00
324,Chennai,2025-02-02,25.7,58,15.6,9661,Partly Cloudy,0.8,0.5,2025-02-02T12:00:00
325,Lucknow,2025-02-02,15.2,48,13.7,1941,Cloudy,1.0,0.5,2025-02-02T12:00:00
326,Kolkata,2025-02-02,30.2,90,22.6,4574,Cloudy,0.9,0.5,2025-02-02T12:00:00
327,Hyderabad,2025-02-02,28.5,59,17.5,1423,Clear,0.3,0.3,2025-02-02T12:00:00
328,Ahmedabad,2025-02-02,16.9,62,1.7,1492,Clear,0.7,0.3,2025-02-02T12:00:00
329,Pune,2025-02-02,31.3,76,36.2,3553,Clear,1.2,0.3,2025-02-02T12:00:00
330,Jaipur,2025-02-02,30.7,57,1.1,2631,Cloudy,0.5,0.5,2025-02-02T12:00:00
331,Bengaluru,2025-02-03,17.9,87,32.2,4651,Clear,0.5,0.3,2025-02-03T12:00:00
332,Mumbai,2025-02-03,27.0,84,10.9,7605,Clear,1.3,0.3,2025-02-03T12:00:00
333,Delhi,2025-02-03,21.7,62,15.9,5786,Partly Cloudy,1.5,0.5,2025-02-03T12:00:00
334,Chennai,2025-02-03,25.3,44,20.7,7393,Clear,1.5,0.3,2025-02-03T12:00:00
335,Lucknow,2025-02-03,32.4,50,10.3,6500,Clear,0.1,0.3,2025-02-03T12:00:00
336,Kolkata,2025-02-03,17.7,49,31.5,2519,Partly Cloudy,0.6,0.5,2025-02-03T12:00:00
337,Hyderabad,2025-02-03,17.8,93,31.4,7049,Partly Cloudy,1.4,0.5,2025-02-03T12:00:00
338,Ahmedabad,2025-02-03,25.4,76,15.6,9640,Clear,1.6,0.3,2025-02-03T12:00:00
339,Pune,2025-02-03,21.8,43,39.1,5724,Cloudy,1.8,0.5,2025-02-03T12:00:00
340,Jaipur,2025-02-03,29.3,75,18.8,6150,Cloudy,0.2,0.5,2025-02-03T12:00:00
341,Bengaluru,2025-02-04,18.6,40,15.0,2713,Clear,0.8,0.3,2025-02-04T12:00:00
342,Mumbai,2025-02-04,20.3,42,33.0,3210,Partly Cloudy,1.4,0.5,2025-02-04T12:00:00
343,Delhi,2025-02-04,16.6,52,19.7,9343,Clear,1.0,0.3,2025-02-04T12:00:00
344,Chennai,2025-02-04,24.8,62,34.4,4118,Clear,0.7,0.3,2025-02-04T12:00:00
345,Lucknow,2025-02-04,26.3,85,1.1,9608,Clear,0.7,0.3,2025-02-04T12:00:00
346,Kolkata,2025-02-04,25.1,73,1.8,9949,Clear,0.2,0.3,2025-02-04T12:00:00
347,Hyderabad,2025-02-04,25.1,93,16.8,2761,Clear,1.6,0.3,2025-02-04T12:00:00
348,Ahmedabad,2025-02-04,23.1,60,34.7,1003,Partly Cloudy,0.5,0.5,2025-02-04T12:00:00
349,Pune,2025-02-04,20.7,48,1.2,1959,Cloudy,1.6,0.5,2025-02-04T12:00:00
350,Jaipur,2025-02-04,17.2,51,0.1,6045,Partly Cloudy,1.3,0.5,2025-02-04T12:00:00
351,Bengaluru,2025-02-05,23.0,66,0.8,1286,Rainy,44.2,0.7,2025-02-05T12:00:00
352,Mumbai,2025-02-05,22.6,48,23.6,6632,Cloudy,1.3,0.5,2025-02-05T12:00:00
353,Delhi,2025-02-05,18.0,90,1.1,9025,Cloudy,1.8,0.5,2025-02-05T12:00:00
354,Chennai,2025-02-05,27.0,54,22.9,854,Cloudy,1.0,0.5,2025-02-05T12:00:00
355,Lucknow,2025-02-05,34.0,56,35.0,2383,Cloudy,1.0,0.5,2025-02-05T12:00:00
356,Kolkata,2025-02-05,15.1,45,15.5,5841,Cloudy,1.7,0.5,2025-02-05T12:00:00
357,Hyderabad,2025-02-05,17.8,88,11.8,6820,Cloudy,0.1,0.5,2025-02-05T12:00:00
358,Ahmedabad,2025-02-05,16.0,61,29.9,9363,Rainy,19.7,0.7,2025-02-05T12:00:00
359,Pune,2025-02-05,34.5,53,35.1,5734,Rainy,49.8,0.7,2025-02-05T12:00:00
360,Jaipur,2025-02-05,26.6,56,19.5,708,Cloudy,0.1,0.5,2025-02-05T12:00:00
361,Bengaluru,2025-02-06,15.7,78,3.8,3464,Clear,0.8,0.3,2025-02-06T12:00:00
362,Mumbai,2025-02-06,21.1,90,36.0,1545,Partly Cloudy,1.2,0.5,2025-02-06T12:00:00
363,Delhi,2025-02-06,29.6,50,18.2,3251,Partly Cloudy,0.9,0.5,2025-02-06T12:00:00
364,Chennai,2025-02-06,16.3,51,12.5,9928,Partly Cloudy,1.2,0.5,2025-02-06T12:00:00
365,Lucknow,2025-02-06,25.0,56,8.5,5199,Clear,1.6,0.3,2025-02-06T12:00:00
366,Kolkata,2025-02-06,27.8,65,23.3,1421,Partly Cloudy,0.9,0.5,2025-02-06T12:00:00
367,Hyderabad,2025-02-06,32.5,58,33.5,3649,Clear,1.7,0.3,2025-02-06T12:00:00
368,Ahmedabad,2025-02-06,17.4,92,29.1,4331,Cloudy,1.6,0.5,2025-02-06T12:00:00
369,Pune,2025-02-06,34.9,93,27.1,918,Partly Cloudy,0.5,0.5,2025-02-06T12:00:00
370,Jaipur,2025-02-06,20.7,88,1.1,5866,Clear,0.3,0.3,2025-02-06T12:00:00
371,Bengaluru,2025-02-07,33.7,78,7.6,3171,Clear,0.5,0.3,2025-02-07T12:00:00
372,Mumbai,2025-02-07,29.7,86,31.3,4012,Partly Cloudy,1.8,0.5,2025-02-07T12:00:00
373,Delhi,2025-02-07,26.0,49,33.7,3255,Clear,1.0,0.3,2025-02-07T12:00:00
374,Chennai,2025-02-07,31.5,94,4.7,6105,Clear,1.0,0.3,2025-02-07T12:00:00
375,Lucknow,2025-02-07,32.2,60,9.3,3607,Clear,0.9,0.3,2025-02-07T12:00:00
376,Kolkata,2025-02-07,27.7,46,16.9,5496,Partly Cloudy,0.1,0.5,2025-02-07T12:00:00
377,Hyderabad,2025-02-07,30.4,43,29.0,1048,Cloudy,0.9,0.5,2025-02-07T12:00:00
378,Ahmedabad,2025-02-07,25.8,74,23.5,6606,Clear,1.9,0.3,2025-02-07T12:00:00
379,Pune,2025-02-07,28.5,72,37.9,5149,Clear,1.7,0.3,2025-02-07T12:00:00
380,Jaipur,2025-02-07,31.4,60,19.6,7786,Partly Cloudy,1.9,0.5,2025-02-07T12:00:00
381,Bengaluru,2025-02-08,17.4,42,2.0,5517,Clear,0.3,0.3,2025-02-08T12:00:00
382,Mumbai,2025-02-08,32.1,42,9.4,6104,Partly Cloudy,1.2,0.5,2025-02-08T12:00:00
383,Delhi,2025-02-08,33.7,64,8.8,6591,Clear,0.8,0.3,2025-02-08T12:00:00
384,Chennai,2025-02-08,27.9,92,11.4,7471,Cloudy,0.5,0.5,2025-02-08T12:00:00
385,Lucknow,2025-02-08,21.8,57,16.2,6543,Clear,0.0,0.3,2025-02-08T12:00:00
386,Kolkata,2025-02-08,22.9,66,20.7,8882,Partly Cloudy,1.5,0.5,2025-02-08T12:00:00
387,Hyderabad,2025-02-08,33.8,89,31.8,6108,Clear,0.8,0.3,2025-02-08T12:00:00
388,Ahmedabad,2025-02-08,28.7,46,11.9,560,Clear,1.0,0.3,2025-02-08T12:00:00
389,Pune,2025-02-08,28.3,51,34.0,874,Clear,0.6,0.3,2025-02-08T12:00:00
390,Jaipur,2025-02-08,24.6,62,37.9,6355,Partly Cloudy,0.2,0.5,2025-02-08T12:00:00
391,Bengaluru,2025-02-09,29.9,80,34.5,8071,Clear,1.0,0.3,2025-02-09T12:00:00
392,Mumbai,2025-02-09,16.9,59,22.3,527,Cloudy,0.5,0.5,2025-02-09T12:00:00
393,Delhi,2025-02-09,23.9,46,24.4,6667,Clear,0.2,0.3,2025-02-09T12:00:00
394,Chennai,2025-02-09,24.8,49,1.7,8395,Clear,0.6,0.3,2025-02-09T12:00:00
395,Lucknow,2025-02-09,31.7,67,36.2,9458,Cloudy,0.7,0.5,2025-02-09T12:00:00
396,Kolkata,2025-02-09,18.0,69,26.4,3730,Partly Cloudy,1.5,0.5,2025-02-09T12:00:00
397,Hyderabad,2025-02-09,19.2,47,31.6,8663,Partly Cloudy,1.9,0.5,2025-02-09T12:00:00
398,Ahmedabad,2025-02-09,34.7,47,14.7,1647,Clear,1.5,0.3,2025-02-09T12:00:00
399,Pune,2025-02-09,31.7,41,26.1,684,Clear,0.9,0.3,2025-02-09T12:00:00
400,Jaipur,2025-02-09,29.8,87,2.8,1030,Clear,1.3,0.3,2025-02-09T12:00:00
401,Bengaluru,2025-02-10,26.3,64,27.4,2221,Clear,0.9,0.3,2025-02-10T12:00:00
402,Mumbai,2025-02-10,23.2,71,2.8,7872,Clear,0.6,0.3,2025-02-10T12:00:00
403,Delhi,2025-02-10,31.7,83,17.1,9396,Clear,0.4,0.3,2025-02-10T12:00:00
404,Chennai,2025-02-10,29.4,56,16.8,6729,Partly Cloudy,0.6,0.5,2025-02-10T12:00:00
405,Lucknow,2025-02-10,16.6,48,33.1,4898,Partly Cloudy,1.6,0.5,2025-02-10T12:00:00
406,Kolkata,2025-02-10,32.9,65,21.7,2317,Partly Cloudy,1.5,0.5,2025-02-10T12:00:00
407,Hyderabad,2025-02-10,34.8,56,20.1,9638,Clear,1.8,0.3,2025-02-10T12:00:00
408,Ahmedabad,2025-02-10,24.2,55,28.3,1518,Clear,0.8,0.3,2025-02-10T12:00:00
409,Pune,2025-02-10,30.8,76,10.5,8648,Clear,1.8,0.3,2025-02-10T12:00:00
410,Jaipur,2025-02-10,22.2,80,12.2,6331,Cloudy,0.3,0.5,2025-02-10T12:00:00
411,Bengaluru,2025-02-11,27.9,72,25.1,9697,Clear,0.8,0.3,2025-02-11T12:00:00
412,Mumbai,2025-02-11,20.4,61,31.9,8817,Clear,1.9,0.3,2025-02-11T12:00:00
413,Delhi,2025-02-11,26.1,51,12.5,4379,Partly Cloudy,0.4,0.5,2025-02-11T12:00:00
414,Chennai,2025-02-11,17.1,71,24.1,5672,Clear,1.9,0.3,2025-02-11T12:00:00
415,Lucknow,2025-02-11,24.5,73,9.6,3363,Clear,0.6,0.3,2025-02-11T12:00:00
416,Kolkata,2025-02-11,28.6,57,27.7,7832,Clear,1.3,0.3,2025-02-11T12:00:00
417,Hyderabad,2025-02-11,33.1,75,27.7,5005,Partly Cloudy,0.1,0.5,2025-02-11T12:00:00
418,Ahmedabad,2025-02-11,32.2,91,24.6,7035,Cloudy,0.4,0.5,2025-02-11T12:00:00
419,Pune,2025-02-11,22.8,57,19.2,9983,Cloudy,1.6,0.5,2025-02-11T12:00:00
420,Jaipur,2025-02-11,22.4,61,15.1,2312,Clear,1.9,0.3,2025-02-11T12:00:00
421,Bengaluru,2025-02-12,27.8,84,9.1,2004,Rainy,13.9,0.7,2025-02-12T12:00:00
422,Mumbai,2025-02-12,23.9,80,39.5,2851,Rainy,42.6,0.7,2025-02-12T12:00:00
423,Delhi,2025-02-12,23.7,87,23.9,1000,Rainy,4.1,0.7,2025-02-12T12:00:00
424,Chennai,2025-02-12,19.8,71,32.0,3273,Cloudy,2.0,0.5,2025-02-12T12:00:00
425,Lucknow,2025-02-12,22.5,51,36.3,7862,Rainy,44.7,0.7,2025-02-12T12:00:00
426,Kolkata,2025-02-12,17.3,81,6.8,4037,Rainy,39.3,0.7,2025-02-12T12:00:00
427,Hyderabad,2025-02-12,18.7,44,11.0,1458,Cloudy,1.4,0.5,2025-02-12T12:00:00
428,Ahmedabad,2025-02-12,28.3,91,14.2,8674,Rainy,5.3,0.7,2025-02-12T12:00:00
429,Pune,2025-02-12,21.4,59,9.4,6676,Rainy,14.6,0.7,2025-02-12T12:00:00
430,Jaipur,2025-02-12,22.1,71,36.5,6732,Cloudy,0.9,0.5,2025-02-12T12:00:00
431,Bengaluru,2025-02-13,23.9,57,7.8,7006,Partly Cloudy,0.5,0.5,2025-02-13T12:00:00
432,Mumbai,2025-02-13,31.1,65,37.7,8349,Clear,1.7,0.3,2025-02-13T12:00:00
433,Delhi,2025-02-13,28.7,57,35.0,8138,Clear,1.6,0.3,2025-02-13T12:00:00
434,Chennai,2025-02-13,29.0,44,11.2,2589,Cloudy,1.9,0.5,2025-02-13T12:00:00
435,Lucknow,2025-02-13,19.6,83,0.1,6062,Clear,1.9,0.3,2025-02-13T12:00:00
436,Kolkata,2025-02-13,23.6,65,35.6,5207,Clear,0.1,0.3,2025-02-13T12:00:00
437,Hyderabad,2025-02-13,18.3,91,9.0,2657,Clear,1.5,0.3,2025-02-13T12:00:00
438,Ahmedabad,2025-02-13,15.7,90,28.6,3754,Clear,0.3,0.3,2025-02-13T12:00:00
439,Pune,2025-02-13,20.8,85,28.8,6474,Cloudy,1.1,0.5,2025-02-13T12:00:00
440,Jaipur,2025-02-13,22.0,42,35.9,2817,Partly Cloudy,1.3,0.5,2025-02-13T12:00:00
441,Bengaluru,2025-02-14,21.5,80,20.8,6977,Partly Cloudy,1.0,0.5,2025-02-14T12:00:00
442,Mumbai,2025-02-14,25.1,73,25.8,5983,Partly Cloudy,0.2,0.5,2025-02-14T12:00:00
443,Delhi,2025-02-14,18.1,71,17.6,4739,Partly Cloudy,1.2,0.5,2025-02-14T12:00:00
444,Chennai,2025-02-14,28.6,82,30.7,9478,Cloudy,1.4,0.5,2025-02-14T12:00:00
445,Lucknow,2025-02-14,24.4,48,34.1,9604,Partly Cloudy,1.3,0.5,2025-02-14T12:00:00
446,Kolkata,2025-02-14,20.5,43,19.7,3146,Cloudy,1.8,0.5,2025-02-14T12:00:00
447,Hyderabad,2025-02-14,15.2,68,29.5,7321,Clear,0.9,0.3,2025-02-14T12:00:00
448,Ahmedabad,2025-02-14,31.0,79,11.0,580,Clear,0.0,0.3,2025-02-14T12:00:00
449,Pune,2025-02-14,19.0,86,4.2,534,Clear,0.6,0.3,2025-02-14T12:00:00
450,Jaipur,2025-02-14,32.3,83,35.5,5361,Cloudy,1.1,0.5,2025-02-14T12:00:00
451,Bengaluru,2025-02-15,24.3,58,8.7,6979,Partly Cloudy,0.2,0.5,2025-02-15T12:00:00
452,Mumbai,2025-02-15,17.8,49,0.3,8077,Cloudy,1.4,0.5,2025-02-15T12:00:00
453,Delhi,2025-02-15,20.5,49,2.9,2775,Clear,1.8,0.3,2025-02-15T12:00:00
454,Chennai,2025-02-15,25.9,61,0.6,6303,Clear,0.6,0.3,2025-02-15T12:00:00
455,Lucknow,2025-02-15,25.5,42,13.2,1796,Cloudy,1.3,0.5,2025-02-15T12:00:00
456,Kolkata,2025-02-15,32.2,40,22.7,3203,Clear,1.0,0.3,2025-02-15T12:00:00
457,Hyderabad,2025-02-15,30.5,44,26.6,8575,Clear,0.5,0.3,2025-02-15T12:00:00
458,Ahmedabad,2025-02-15,24.5,63,14.2,9333,Clear,1.7,0.3,2025-02-15T12:00:00
459,Pune,2025-02-15,20.3,90,29.9,1316,Partly Cloudy,0.2,0.5,2025-02-15T12:00:00
460,Jaipur,2025-02-15,29.3,57,29.5,6288,Partly Cloudy,0.9,0.5,2025-02-15T12:00:00
461,Bengaluru,2025-02-16,18.2,60,11.3,5714,Cloudy,1.7,0.5,2025-02-16T12:00:00
462,Mumbai,2025-02-16,30.6,52,21.9,2948,Cloudy,1.0,0.5,2025-02-16T12:00:00
463,Delhi,2025-02-16,22.0,49,26.2,6287,Clear,0.3,0.3,2025-02-16T12:00:00
464,Chennai,2025-02-16,30.1,72,16.4,750,Clear,1.2,0.3,2025-02-16T12:00:00
465,Lucknow,2025-02-16,30.8,81,21.3,4206,Clear,0.3,0.3,2025-02-16T12:00:00
466,Kolkata,2025-02-16,22.5,89,1.9,6560,Partly Cloudy,1.9,0.5,2025-02-16T12:00:00
467,Hyderabad,2025-02-16,32.5,87,6.7,8245,Clear,1.4,0.3,2025-02-16T12:00:00
468,Ahmedabad,2025-02-16,21.4,94,35.1,2620,Partly Cloudy,1.7,0.5,2025-02-16T12:00:00
469,Pune,2025-02-16,18.5,56,15.0,6040,Cloudy,0.8,0.5,2025-02-16T12:00:00
470,Jaipur,2025-02-16,23.5,84,24.2,4662,Partly Cloudy,0.7,0.5,2025-02-16T12:00:00
471,Bengaluru,2025-02-17,31.9,72,29.6,6720,Clear,1.7,0.3,2025-02-17T12:00:00
472,Mumbai,2025-02-17,31.0,92,38.0,9046,Clear,0.9,0.3,2025-02-17T12:00:00
473,Delhi,2025-02-17,26.0,47,15.9,1064,Clear,1.5,0.3,2025-02-17T12:00:00
474,Chennai,2025-02-17,30.6,84,9.3,8158,Clear,1.2,0.3,2025-02-17T12:00:00
475,Lucknow,2025-02-17,25.2,79,12.0,9418,Clear,1.8,0.3,2025-02-17T12:00:00
476,Kolkata,2025-02-17,26.5,57,20.7,4404,Partly Cloudy,1.9,0.5,2025-02-17T12:00:00
477,Hyderabad,2025-02-17,21.6,93,15.0,9561,Clear,0.9,0.3,2025-02-17T12:00:00
478,Ahmedabad,2025-02-17,22.4,53,11.5,8364,Clear,0.5,0.3,2025-02-17T12:00:00
479,Pune,2025-02-17,15.1,72,14.8,5214,Clear,0.4,0.3,2025-02-17T12:00:00
480,Jaipur,2025-02-17,25.3,43,11.0,9700,Partly Cloudy,1.4,0.5,2025-02-17T12:00:00
481,Bengaluru,2025-02-18,27.4,92,1.3,3091,Cloudy,1.0,0.5,2025-02-18T12:00:00
482,Mumbai,2025-02-18,19.1,55,22.8,5634,Clear,0.9,0.3,2025-02-18T12:00:00
483,Delhi,2025-02-18,17.4,48,10.5,8276,Partly Cloudy,0.5,0.5,2025-02-18T12:00:00
484,Chennai,2025-02-18,28.3,57,21.7,3728,Clear,1.3,0.3,2025-02-18T12:00:00
485,Lucknow,2025-02-18,18.5,65,37.7,5936,Partly Cloudy,1.0,0.5,2025-02-18T12:00:00
486,Kolkata,2025-02-18,34.7,63,21.1,7274,Clear,1.5,0.3,2025-02-18T12:00:00
487,Hyderabad,2025-02-18,33.2,79,20.5,911,Clear,2.0,0.3,2025-02-18T12:00:00
488,Ahmedabad,2025-02-18,30.7,43,30.2,4824,Partly Cloudy,1.0,0.5,2025-02-18T12:00:00
489,Pune,2025-02-18,23.7,56,21.6,4874,Partly Cloudy,1.8,0.5,2025-02-18T12:00:00
490,Jaipur,2025-02-18,21.7,71,28.3,9063,Clear,1.3,0.3,2025-02-18T12:00:00
491,Bengaluru,2025-02-19,22.1,49,22.1,3389,Rainy,21.9,0.7,2025-02-19T12:00:00
492,Mumbai,2025-02-19,21.5,91,11.7,3980,Rainy,21.9,0.7,2025-02-19T12:00:00
493,Delhi,2025-02-19,18.0,57,21.4,1927,Rainy,15.7,0.7,2025-02-19T12:00:00
494,Chennai,2025-02-19,33.5,67,29.7,9229,Rainy,20.2,0.7,2025-02-19T12:00:00
495,Lucknow,2025-02-19,23.8,81,0.6,7459,Rainy,45.9,0.7,2025-02-19T12:00:00
496,Kolkata,2025-02-19,22.5,58,30.1,6072,Rainy,33.6,0.7,2025-02-19T12:00:00
497,Hyderabad,2025-02-19,24.9,41,6.8,7798,Cloudy,0.4,0.5,2025-02-19T12:00:00
498,Ahmedabad,2025-02-19,22.1,40,33.9,2000,Cloudy,1.6,0.5,2025-02-19T12:00:00
499,Pune,2025-02-19,20.1,76,16.2,9103,Cloudy,2.0,0.5,2025-02-19T12:00:00
500,Jaipur,2025-02-19,30.2,47,8.0,9925,Rainy,23.5,0.7,2025-02-19T12:00:00
501,Bengaluru,2025-02-20,22.0,56,6.1,7926,Clear,0.4,0.3,2025-02-20T12:00:00
502,Mumbai,2025-02-20,32.9,40,6.3,5671,Partly Cloudy,0.9,0.5,2025-02-20T12:00:00
503,Delhi,2025-02-20,27.4,92,30.9,2431,Clear,0.0,0.3,2025-02-20T12:00:00
504,Chennai,2025-02-20,21.3,82,26.8,6161,Clear,0.0,0.3,2025-02-20T12:00:00
505,Lucknow,2025-02-20,20.7,48,24.8,8037,Clear,0.6,0.3,2025-02-20T12:00:00
506,Kolkata,2025-02-20,16.2,77,39.3,7733,Clear,1.0,0.3,2025-02-20T12:00:00
507,Hyderabad,2025-02-20,18.2,54,14.1,6151,Clear,1.4,0.3,2025-02-20T12:00:00
508,Ahmedabad,2025-02-20,15.0,83,24.7,5884,Clear,1.9,0.3,2025-02-20T12:00:00
509,Pune,2025-02-20,27.9,82,23.6,1853,Partly Cloudy,0.5,0.5,2025-02-20T12:00:00
510,Jaipur,2025-02-20,23.4,93,3.0,7656,Clear,0.2,0.3,2025-02-20T12:00:00
511,Bengaluru,2025-02-21,21.9,84,3.4,9580,Cloudy,0.2,0.5,2025-02-21T12:00:00
512,Mumbai,2025-02-21,29.8,86,34.6,4865,Clear,0.0,0.3,2025-02-21T12:00:00
513,Delhi,2025-02-21,18.4,85,32.5,560,Clear,0.3,0.3,2025-02-21T12:00:00
514,Chennai,2025-02-21,25.1,53,19.8,2450,Cloudy,0.8,0.5,2025-02-21T12:00:00
515,Lucknow,2025-02-21,20.4,82,11.0,4877,Clear,1.9,0.3,2025-02-21T12:00:00
516,Kolkata,2025-02-21,19.3,59,31.5,7499,Clear,0.5,0.3,2025-02-21T12:00:00
517,Hyderabad,2025-02-21,28.1,66,37.9,1131,Cloudy,2.0,0.5,2025-02-21T12:00:00
518,Ahmedabad,2025-02-21,33.9,88,21.6,767,Partly Cloudy,1.3,0.5,2025-02-21T12:00:00
519,Pune,2025-02-21,22.3,55,32.2,4344,Clear,1.5,0.3,2025-02-21T12:00:00
520,Jaipur,2025-02-21,25.3,61,19.8,6435,Clear,0.7,0.3,2025-02-21T12:00:00
521,Bengaluru,2025-02-22,18.5,91,34.9,2075,Partly Cloudy,1.7,0.5,2025-02-22T12:00:00
522,Mumbai,2025-02-22,21.7,57,24.0,6160,Cloudy,1.8,0.5,2025-02-22T12:00:00
523,Delhi,2025-02-22,16.4,48,13.7,5328,Clear,1.0,0.3,2025-02-22T12:00:00
524,Chennai,2025-02-22,20.9,53,34.0,5074,Clear,0.1,0.3,2025-02-22T12:00:00
525,Lucknow,2025-02-22,26.7,60,4.5,5047,Cloudy,0.2,0.5,2025-02-22T12:00:00
526,Kolkata,2025-02-22,20.6,42,6.7,4905,Cloudy,0.0,0.5,2025-02-22T12:00:00
527,Hyderabad,2025-02-22,34.8,87,14.7,6384,Cloudy,0.6,0.5,2025-02-22T12:00:00
528,Ahmedabad,2025-02-22,31.7,43,28.4,5285,Partly Cloudy,0.8,0.5,2025-02-22T12:00:00
529,Pune,2025-02-22,32.4,81,17.9,9014,Clear,1.3,0.3,2025-02-22T12:00:00
530,Jaipur,2025-02-22,24.6,87,15.6,2257,Clear,0.4,0.3,2025-02-22T12:00:00
531,Bengaluru,2025-02-23,15.4,62,13.4,2861,Partly Cloudy,1.5,0.5,2025-02-23T12:00:00
532,Mumbai,2025-02-23,26.7,51,26.7,9879,Cloudy,0.7,0.5,2025-02-23T12:00:00
533,Delhi,2025-02-23,30.3,57,13.1,1366,Clear,0.5,0.3,2025-02-23T12:00:00
534,Chennai,2025-02-23,28.3,70,25.2,2294,Clear,0.9,0.3,2025-02-23T12:00:00
535,Lucknow,2025-02-23,24.4,57,0.4,2294,Partly Cloudy,1.2,0.5,2025-02-23T12:00:00
536,Kolkata,2025-02-23,27.0,58,29.0,7755,Clear,0.4,0.3,2025-02-23T12:00:00
537,Hyderabad,2025-02-23,18.2,88,35.1,5498,Clear,1.8,0.3,2025-02-23T12:00:00
538,Ahmedabad,2025-02-23,34.4,67,5.1,4919,Partly Cloudy,1.9,0.5,2025-02-23T12:00:00
539,Pune,2025-02-23,26.8,63,10.8,3573,Clear,0.1,0.3,2025-02-23T12:00:00
540,Jaipur,2025-02-23,22.3,78,5.4,9236,Clear,0.3,0.3,2025-02-23T12:00:00
541,Bengaluru,2025-02-24,15.3,64,10.4,5295,Clear,0.5,0.3,2025-02-24T12:00:00
542,Mumbai,2025-02-24,15.9,67,2.6,2415,Cloudy,0.2,0.5,2025-02-24T12:00:00
543,Delhi,2025-02-24,29.7,57,16.1,1155,Clear,0.4,0.3,2025-02-24T12:00:00
544,Chennai,2025-02-24,25.3,84,3.9,1067,Clear,0.9,0.3,2025-02-24T12:00:00
545,Lucknow,2025-02-24,28.6,47,15.3,7476,Cloudy,0.5,0.5,2025-02-24T12:00:00
546,Kolkata,2025-02-24,22.6,44,17.1,2787,Partly Cloudy,1.2,0.5,2025-02-24T12:00:00
547,Hyderabad,2025-02-24,32.6,47,21.9,4008,Cloudy,0.9,0.5,2025-02-24T12:00:00
548,Ahmedabad,2025-02-24,16.2,83,0.5,2483,Partly Cloudy,1.3,0.5,2025-02-24T12:00:00
549,Pune,2025-02-24,23.1,70,17.6,9640,Clear,0.4,0.3,2025-02-24T12:00:00
550,Jaipur,2025-02-24,21.7,89,31.1,5730,Clear,2.0,0.3,2025-02-24T12:00:00
551,Bengaluru,2025-02-25,18.7,90,7.7,5596,Partly Cloudy,1.8,0.5,2025-02-25T12:00:00
552,Mumbai,2025-02-25,24.0,70,9.9,6734,Partly Cloudy,1.2,0.5,2025-02-25T12:00:00
553,Delhi,2025-02-25,19.4,58,31.8,3725,Clear,1.2,0.3,2025-02-25T12:00:00
554,Chennai,2025-02-25,30.9,50,8.0,6633,Clear,0.1,0.3,2025-02-25T12:00:00
555,Lucknow,2025-02-25,29.1,40,34.0,9341,Partly Cloudy,1.4,0.5,2025-02-25T12:00:00
556,Kolkata,2025-02-25,26.5,40,32.2,1566,Partly Cloudy,0.1,0.5,2025-02-25T12:00:00
557,Hyderabad,2025-02-25,27.1,73,5.7,8861,Clear,0.7,0.3,2025-02-25T12:00:00
558,Ahmedabad,2025-02-25,16.9,62,6.1,1611,Clear,1.1,0.3,2025-02-25T12:00:00
559,Pune,2025-02-25,26.7,74,31.5,7032,Clear,0.7,0.3,2025-02-25T12:00:00
560,Jaipur,2025-02-25,17.6,93,23.4,3480,Clear,2.0,0.3,2025-02-25T12:00:00
561,Bengaluru,2025-02-26,28.8,68,6.4,9799,Rainy,17.2,0.7,2025-02-26T12:00:00
562,Mumbai,2025-02-26,17.4,66,6.8,8208,Rainy,7.6,0.7,2025-02-26T12:00:00
563,Delhi,2025-02-26,30.6,67,6.5,882,Rainy,38.1,0.7,2025-02-26T12:00:00
564,Chennai,2025-02-26,23.5,40,6.5,4049,Rainy,29.1,0.7,2025-02-26T12:00:00
565,Lucknow,2025-02-26,20.6,76,11.1,8337,Rainy,49.6,0.7,2025-02-26T12:00:00
566,Kolkata,2025-02-26,22.2,46,36.2,7130,Rainy,1.3,0.7,2025-02-26T12:00:00
567,Hyderabad,2025-02-26,17.0,62,24.0,6689,Cloudy,1.4,0.5,2025-02-26T12:00:00
568,Ahmedabad,2025-02-26,23.4,78,31.0,7696,Cloudy,0.5,0.5,2025-02-26T12:00:00
569,Pune,2025-02-26,18.2,67,32.6,2641,Rainy,46.2,0.7,2025-02-26T12:00:00
570,Jaipur,2025-02-26,19.1,66,36.0,1066,Cloudy,1.1,0.5,2025-02-26T12:00:00
571,Bengaluru,2025-02-27,33.0,68,14.9,9965,Clear,0.1,0.3,2025-02-27T12:00:00
572,Mumbai,2025-02-27,18.9,78,19.4,3209,Clear,1.8,0.3,2025-02-27T12:00:00
573,Delhi,2025-02-27,20.8,43,36.4,4661,Partly Cloudy,0.2,0.5,2025-02-27T12:00:00
574,Chennai,2025-02-27,18.5,67,5.6,8385,Clear,1.2,0.3,2025-02-27T12:00:00
575,Lucknow,2025-02-27,29.6,90,15.0,5410,Clear,1.0,0.3,2025-02-27T12:00:00
576,Kolkata,2025-02-27,29.6,88,35.3,7531,Partly Cloudy,0.1,0.5,2025-02-27T12:00:00
577,Hyderabad,2025-02-27,20.8,45,9.4,6045,Clear,1.0,0.3,2025-02-27T12:00:00
578,Ahmedabad,2025-02-27,34.3,91,15.1,9878,Partly Cloudy,0.7,0.5,2025-02-27T12:00:00
579,Pune,2025-02-27,17.7,80,3.1,7606,Clear,0.1,0.3,2025-02-27T12:00:00
580,Jaipur,2025-02-27,21.2,90,11.6,3614,Partly Cloudy,2.0,0.5,2025-02-27T12:00:00
581,Bengaluru,2025-02-28,15.4,71,29.0,9047,Cloudy,0.0,0.5,2025-02-28T12:00:00
582,Mumbai,2025-02-28,17.0,66,9.9,2427,Cloudy,1.0,0.5,2025-02-28T12:00:00
583,Delhi,2025-02-28,26.9,80,33.6,6179,Cloudy,1.4,0.5,2025-02-28T12:00:00
584,Chennai,2025-02-28,27.0,55,24.4,7816,Partly Cloudy,0.6,0.5,2025-02-28T12:00:00
585,Lucknow,2025-02-28,29.7,91,27.6,4549,Partly Cloudy,0.7,0.5,2025-02-28T12:00:00
586,Kolkata,2025-02-28,19.0,81,28.6,6709,Partly Cloudy,1.1,0.5,2025-02-28T12:00:00
587,Hyderabad,2025-02-28,24.1,91,20.4,1276,Partly Cloudy,1.6,0.5,2025-02-28T12:00:00
588,Ahmedabad,2025-02-28,23.2,70,35.3,1098,Cloudy,0.1,0.5,2025-02-28T12:00:00
589,Pune,2025-02-28,18.3,63,18.0,2501,Clear,0.1,0.3,2025-02-28T12:00:00
590,Jaipur,2025-02-28,15.1,71,3.2,4090,Clear,1.7,0.3,2025-02-28T12:00:00
591,Bengaluru,2025-03-01,18.2,41,1.9,9265,Partly Cloudy,1.0,0.5,2025-03-01T12:00:00
592,Mumbai,2025-03-01,19.9,77,2.2,8025,Clear,1.6,0.3,2025-03-01T12:00:00
593,Delhi,2025-03-01,21.0,77,33.2,5047,Clear,0.3,0.3,2025-03-01T12:00:00
594,Chennai,2025-03-01,20.7,76,38.8,1456,Clear,1.9,0.3,2025-03-01T12:00:00
595,Lucknow,2025-03-01,34.1,42,39.2,7248,Partly Cloudy,1.9,0.5,2025-03-01T12:00:00
596,Kolkata,2025-03-01,29.7,69,23.4,2731,Clear,0.1,0.3,2025-03-01T12:00:00
597,Hyderabad,2025-03-01,31.8,52,29.5,2307,Clear,1.4,0.3,2025-03-01T12:00:00
598,Ahmedabad,2025-03-01,15.7,84,4.5,5582,Cloudy,1.6,0.5,2025-03-01T12:00:00
599,Pune,2025-03-01,23.1,40,21.6,7904,Clear,1.9,0.3,2025-03-01T12:00:00
600,Jaipur,2025-03-01,26.1,83,23.2,5407,Clear,1.5,0.3,2025-03-01T12:00:00
601,Bengaluru,2025-03-02,16.6,67,17.2,5882,Partly Cloudy,0.4,0.5,2025-03-02T12:00:00
602,Mumbai,2025-03-02,21.2,41,22.1,3911,Clear,0.4,0.3,2025-03-02T12:00:00
603,Delhi,2025-03-02,35.0,84,3.6,8551,Clear,0.1,0.3,2025-03-02T12:00:00
604,Chennai,2025-03-02,20.2,69,1.1,4806,Clear,1.0,0.3,2025-03-02T12:00:00
605,Lucknow,2025-03-02,27.4,94,18.6,3700,Partly Cloudy,1.1,0.5,2025-03-02T12:00:00
606,Kolkata,2025-03-02,34.8,84,25.6,9180,Clear,1.9,0.3,2025-03-02T12:00:00
607,Hyderabad,2025-03-02,34.0,90,30.2,3101,Clear,0.7,0.3,2025-03-02T12:00:00
608,Ahmedabad,2025-03-02,24.0,84,29.5,8534,Clear,1.9,0.3,2025-03-02T12:00:00
609,Pune,2025-03-02,18.1,46,24.0,3556,Cloudy,1.5,0.5,2025-03-02T12:00:00
610,Jaipur,2025-03-02,16.6,86,26.4,7316,Clear,1.6,0.3,2025-03-02T12:00:00
611,Bengaluru,2025-03-03,25.1,75,29.6,947,Partly Cloudy,1.9,0.5,2025-03-03T12:00:00
612,Mumbai,2025-03-03,27.1,67,34.1,9011,Clear,0.6,0.3,2025-03-03T12:00:00
613,Delhi,2025-03-03,26.7,83,1.6,3783,Clear,0.4,0.3,2025-03-03T12:00:00
614,Chennai,2025-03-03,34.8,62,21.0,9607,Cloudy,1.1,0.5,2025-03-03T12:00:00
615,Lucknow,2025-03-03,31.9,73,18.8,8177,Clear,1.4,0.3,2025-03-03T12:00:00
616,Kolkata,2025-03-03,15.2,92,33.5,7381,Clear,1.7,0.3,2025-03-03T12:00:00
617,Hyderabad,2025-03-03,17.7,75,34.7,8355,Partly Cloudy,1.5,0.5,2025-03-03T12:00:00
618,Ahmedabad,2025-03-03,28.9,85,38.4,5785,Clear,2.0,0.3,2025-03-03T12:00:00
619,Pune,2025-03-03,20.4,71,34.5,7383,Partly Cloudy,0.1,0.5,2025-03-03T12:00:00
620,Jaipur,2025-03-03,33.9,71,23.5,2826,Clear,0.3,0.3,2025-03-03T12:00:00
621,Bengaluru,2025-03-04,22.6,71,8.3,2107,Clear,1.4,0.3,2025-03-04T12:00:00
622,Mumbai,2025-03-04,17.6,77,12.2,1822,Clear,1.9,0.3,2025-03-04T12:00:00
623,Delhi,2025-03-04,24.6,92,36.3,7828,Clear,0.5,0.3,2025-03-04T12:00:00
624,Chennai,2025-03-04,28.5,72,24.5,8551,Partly Cloudy,0.4,0.5,2025-03-04T12:00:00
625,Lucknow,2025-03-04,19.9,68,19.7,9699,Clear,0.5,0.3,2025-03-04T12:00:00
626,Kolkata,2025-03-04,17.0,63,2.3,9080,Clear,1.5,0.3,2025-03-04T12:00:00
627,Hyderabad,2025-03-04,29.8,69,10.1,8290,Clear,1.3,0.3,2025-03-04T12:00:00
628,Ahmedabad,2025-03-04,29.7,80,29.0,9805,Clear,0.2,0.3,2025-03-04T12:00:00
629,Pune,2025-03-04,21.1,70,32.4,1557,Partly Cloudy,0.2,0.5,2025-03-04T12:00:00
630,Jaipur,2025-03-04,15.3,81,6.3,1352,Partly Cloudy,2.0,0.5,2025-03-04T12:00:00
631,Bengaluru,2025-03-05,28.5,71,21.6,1047,Rainy,3.1,0.7,2025-03-05T12:00:00
632,Mumbai,2025-03-05,16.9,77,10.7,800,Cloudy,1.1,0.5,2025-03-05T12:00:00
633,Delhi,2025-03-05,28.7,90,24.0,4170,Rainy,29.9,0.7,2025-03-05T12:00:00
634,Chennai,2025-03-05,27.5,59,1.0,7304,Rainy,6.3,0.7,2025-03-05T12:00:00
635,Lucknow,2025-03-05,21.6,56,4.3,5558,Cloudy,1.7,0.5,2025-03-05T12:00:00
636,Kolkata,2025-03-05,33.6,76,31.0,3506,Rainy,15.6,0.7,2025-03-05T12:00:00
637,Hyderabad,2025-03-05,34.2,73,26.7,4766,Rainy,16.0,0.7,2025-03-05T12:00:00
638,Ahmedabad,2025-03-05,20.6,55,4.4,1322,Rainy,36.7,0.7,2025-03-05T12:00:00
639,Pune,2025-03-05,16.1,72,30.1,3403,Rainy,41.2,0.7,2025-03-05T12:00:00
640,Jaipur,2025-03-05,27.4,57,8.3,9669,Cloudy,1.0,0.5,2025-03-05T12:00:00
641,Bengaluru,2025-03-06,15.7,51,27.1,1458,Clear,1.4,0.3,2025-03-06T12:00:00
642,Mumbai,2025-03-06,22.3,69,10.1,3283,Clear,1.9,0.3,2025-03-06T12:00:00
643,Delhi,2025-03-06,15.5,66,7.1,3969,Cloudy,1.9,0.5,2025-03-06T12:00:00
644,Chennai,2025-03-06,30.3,74,30.4,9025,Cloudy,0.1,0.5,2025-03-06T12:00:00
645,Lucknow,2025-03-06,27.3,83,34.4,3924,Cloudy,0.6,0.5,2025-03-06T12:00:00
646,Kolkata,2025-03-06,24.4,74,29.9,2494,Partly Cloudy,1.8,0.5,2025-03-06T12:00:00
647,Hyderabad,2025-03-06,24.2,43,6.7,8506,Partly Cloudy,1.0,0.5,2025-03-06T12:00:00
648,Ahmedabad,2025-03-06,24.3,80,35.9,1446,Clear,1.4,0.3,2025-03-06T12:00:00
649,Pune,2025-03-06,28.2,83,2.7,6022,Clear,2.0,0.3,2025-03-06T12:00:00
650,Jaipur,2025-03-06,24.1,90,4.6,5280,Clear,1.1,0.3,2025-03-06T12:00:00
651,Bengaluru,2025-03-07,25.6,83,21.2,6407,Clear,1.3,0.3,2025-03-07T12:00:00
652,Mumbai,2025-03-07,25.4,61,2.8,8367,Clear,1.0,0.3,2025-03-07T12:00:00
653,Delhi,2025-03-07,21.5,67,22.1,7310,Cloudy,0.1,0.5,2025-03-07T12:00:00
654,Chennai,2025-03-07,20.9,52,37.4,3617,Cloudy,0.8,0.5,2025-03-07T12:00:00
655,Lucknow,2025-03-07,21.5,56,33.3,6467,Clear,1.8,0.3,2025-03-07T12:00:00
656,Kolkata,2025-03-07,18.4,91,23.8,8244,Cloudy,1.2,0.5,2025-03-07T12:00:00
657,Hyderabad,2025-03-07,28.6,92,29.1,2986,Clear,0.2,0.3,2025-03-07T12:00:00
658,Ahmedabad,2025-03-07,24.0,64,26.1,5378,Clear,1.6,0.3,2025-03-07T12:00:00
659,Pune,2025-03-07,22.5,61,17.1,7678,Cloudy,1.5,0.5,2025-03-07T12:00:00
660,Jaipur,2025-03-07,30.5,54,30.7,6494,Cloudy,0.8,0.5,2025-03-07T12:00:00
661,Bengaluru,2025-03-08,22.4,49,27.5,6500,Clear,1.8,0.3,2025-03-08T12:00:00
662,Mumbai,2025-03-08,24.4,72,12.1,8829,Clear,0.7,0.3,2025-03-08T12:00:00
663,Delhi,2025-03-08,32.7,40,11.4,8769,Cloudy,1.0,0.5,2025-03-08T12:00:00
664,Chennai,2025-03-08,29.1,57,25.4,2413,Clear,0.7,0.3,2025-03-08T12:00:00
665,Lucknow,2025-03-08,24.1,60,13.5,8013,Clear,0.4,0.3,2025-03-08T12:00:00
666,Kolkata,2025-03-08,21.0,47,6.4,8226,Cloudy,1.3,0.5,2025-03-08T12:00:00
667,Hyderabad,2025-03-08,32.7,83,5.3,8407,Clear,0.8,0.3,2025-03-08T12:00:00
668,Ahmedabad,2025-03-08,26.1,67,3.0,9234,Clear,0.5,0.3,2025-03-08T12:00:00
669,Pune,2025-03-08,26.2,79,13.0,574,Partly Cloudy,0.8,0.5,2025-03-08T12:00:00
670,Jaipur,2025-03-08,23.8,61,1.2,6674,Cloudy,1.8,0.5,2025-03-08T12:00:00
671,Bengaluru,2025-03-09,34.8,59,4.6,4894,Partly Cloudy,1.7,0.5,2025-03-09T12:00:00
672,Mumbai,2025-03-09,21.3,45,27.7,1862,Clear,0.0,0.3,2025-03-09T12:00:00
673,Delhi,2025-03-09,29.4,67,25.3,8116,Partly Cloudy,1.6,0.5,2025-03-09T12:00:00
674,Chennai,2025-03-09,19.1,90,28.0,6542,Clear,1.2,0.3,2025-03-09T12:00:00
675,Lucknow,2025-03-09,21.8,47,13.1,7118,Partly Cloudy,0.7,0.5,2025-03-09T12:00:00
676,Kolkata,2025-03-09,22.2,48,16.9,6457,Clear,0.4,0.3,2025-03-09T12:00:00
677,Hyderabad,2025-03-09,33.6,81,25.4,5346,Cloudy,1.1,0.5,2025-03-09T12:00:00
678,Ahmedabad,2025-03-09,21.2,92,27.4,2010,Clear,1.6,0.3,2025-03-09T12:00:00
679,Pune,2025-03-09,23.0,42,39.4,752,Clear,0.1,0.3,2025-03-09T12:00:00
680,Jaipur,2025-03-09,17.2,87,31.4,3031,Cloudy,0.1,0.5,2025-03-09T12:00:00
681,Bengaluru,2025-03-10,22.2,40,7.4,1547,Clear,0.9,0.3,2025-03-10T12:00:00
682,Mumbai,2025-03-10,31.8,57,17.8,6082,Clear,1.7,0.3,2025-03-10T12:00:00
683,Delhi,2025-03-10,15.0,81,38.6,8318,Cloudy,1.8,0.5,2025-03-10T12:00:00
684,Chennai,2025-03-10,17.9,66,18.8,7600,Partly Cloudy,0.7,0.5,2025-03-10T12:00:00
685,Lucknow,2025-03-10,17.1,90,19.7,1182,Clear,0.3,0.3,2025-03-10T12:00:00
686,Kolkata,2025-03-10,30.7,82,33.0,3879,Clear,2.0,0.3,2025-03-10T12:00:00
687,Hyderabad,2025-03-10,29.6,50,13.9,9215,Clear,0.8,0.3,2025-03-10T12:00:00
688,Ahmedabad,2025-03-10,23.1,64,35.4,9930,Clear,1.4,0.3,2025-03-10T12:00:00
689,Pune,2025-03-10,28.3,68,7.7,9307,Cloudy,1.0,0.5,2025-03-10T12:00:00
690,Jaipur,2025-03-10,23.1,51,21.7,8743,Clear,0.1,0.3,2025-03-10T12:00:00
691,Bengaluru,2025-03-11,34.1,84,29.8,7736,Cloudy,1.7,0.5,2025-03-11T12:00:00
692,Mumbai,2025-03-11,30.2,86,31.5,8957,Partly Cloudy,1.4,0.5,2025-03-11T12:00:00
693,Delhi,2025-03-11,27.2,70,17.0,2307,Clear,0.6,0.3,2025-03-11T12:00:00
694,Chennai,2025-03-11,31.6,94,8.5,759,Cloudy,1.4,0.5,2025-03-11T12:00:00
695,Lucknow,2025-03-11,18.3,43,26.7,5249,Clear,0.6,0.3,2025-03-11T12:00:00
696,Kolkata,2025-03-11,33.6,44,19.4,5393,Clear,1.0,0.3,2025-03-11T12:00:00
697,Hyderabad,2025-03-11,20.9,65,21.8,5204,Clear,0.3,0.3,2025-03-11T12:00:00
698,Ahmedabad,2025-03-11,29.9,47,23.0,8077,Clear,0.9,0.3,2025-03-11T12:00:00
699,Pune,2025-03-11,30.9,69,10.4,4942,Clear,0.8,0.3,2025-03-11T12:00:00
700,Jaipur,2025-03-11,29.6,88,35.8,3531,Clear,1.9,0.3,2025-03-11T12:00:00
701,Bengaluru,2025-03-12,25.6,74,16.7,3224,Cloudy,0.0,0.5,2025-03-12T12:00:00
702,Mumbai,2025-03-12,31.3,87,4.1,6678,Rainy,46.0,0.7,2025-03-12T12:00:00
703,Delhi,2025-03-12,30.3,55,29.6,555,Rainy,44.4,0.7,2025-03-12T12:00:00
704,Chennai,2025-03-12,18.6,55,28.0,4169,Rainy,44.3,0.7,2025-03-12T12:00:00
705,Lucknow,2025-03-12,20.1,58,23.1,5119,Cloudy,1.4,0.5,2025-03-12T12:00:00
706,Kolkata,2025-03-12,20.9,41,34.2,1423,Cloudy,1.4,0.5,2025-03-12T12:00:00
707,Hyderabad,2025-03-12,33.5,51,14.3,2483,Rainy,2.3,0.7,2025-03-12T12:00:00
708,Ahmedabad,2025-03-12,29.7,45,7.2,4648,Rainy,16.7,0.7,2025-03-12T12:00:00
709,Pune,2025-03-12,27.1,88,35.7,824,Cloudy,0.2,0.5,2025-03-12T12:00:00
710,Jaipur,2025-03-12,18.5,74,20.5,7487,Cloudy,1.9,0.5,2025-03-12T12:00:00
711,Bengaluru,2025-03-13,33.3,89,19.3,7632,Clear,1.7,0.3,2025-03-13T12:00:00
712,Mumbai,2025-03-13,19.9,45,30.8,9278,Partly Cloudy,1.5,0.5,2025-03-13T12:00:00
713,Delhi,2025-03-13,25.3,67,14.8,3139,Clear,1.1,0.3,2025-03-13T12:00:00
714,Chennai,2025-03-13,30.4,77,29.1,9687,Cloudy,0.5,0.5,2025-03-13T12:00:00
715,Lucknow,2025-03-13,21.6,41,33.1,4234,Partly Cloudy,1.0,0.5,2025-03-13T12:00:00
716,Kolkata,2025-03-13,21.2,64,6.6,3653,Partly Cloudy,0.5,0.5,2025-03-13T12:00:00
717,Hyderabad,2025-03-13,25.2,51,30.4,6017,Cloudy,1.1,0.5,2025-03-13T12:00:00
718,Ahmedabad,2025-03-13,15.1,67,20.0,2170,Partly Cloudy,1.0,0.5,2025-03-13T12:00:00
719,Pune,2025-03-13,21.7,81,6.4,5929,Clear,1.2,0.3,2025-03-13T12:00:00
720,Jaipur,2025-03-13,33.7,77,15.9,8146,Partly Cloudy,0.8,0.5,2025-03-13T12:00:00
721,Bengaluru,2025-03-14,33.3,53,38.7,7055,Partly Cloudy,1.1,0.5,2025-03-14T12:00:00
722,Mumbai,2025-03-14,19.7,51,15.8,9712,Partly Cloudy,0.8,0.5,2025-03-14T12:00:00
723,Delhi,2025-03-14,16.5,87,12.7,7586,Partly Cloudy,0.8,0.5,2025-03-14T12:00:00
724,Chennai,2025-03-14,18.4,40,14.0,5226,Partly Cloudy,0.4,0.5,2025-03-14T12:00:00
725,Lucknow,2025-03-14,19.2,51,18.3,3021,Clear,0.1,0.3,2025-03-14T12:00:00
726,Kolkata,2025-03-14,16.5,84,29.2,2074,Clear,2.0,0.3,2025-03-14T12:00:00
727,Hyderabad,2025-03-14,18.3,61,15.5,6809,Clear,1.4,0.3,2025-03-14T12:00:00
728,Ahmedabad,2025-03-14,26.8,70,17.6,6738,Partly Cloudy,0.4,0.5,2025-03-14T12:00:00
729,Pune,2025-03-14,27.0,57,6.3,4557,Clear,1.2,0.3,2025-03-14T12:00:00
730,Jaipur,2025-03-14,18.3,77,2.7,8142,Clear,0.3,0.3,2025-03-14T12:00:00
731,Bengaluru,2025-03-15,21.9,81,9.4,1798,Partly Cloudy,1.8,0.5,2025-03-15T12:00:00
732,Mumbai,2025-03-15,27.9,72,39.8,2794,Clear,0.9,0.3,2025-03-15T12:00:00
733,Delhi,2025-03-15,20.5,70,1.8,1100,Cloudy,0.0,0.5,2025-03-15T12:00:00
734,Chennai,2025-03-15,22.9,78,37.6,7516,Clear,2.0,0.3,2025-03-15T12:00:00
735,Lucknow,2025-03-15,19.7,46,20.5,6185,Clear,1.4,0.3,2025-03-15T12:00:00
736,Kolkata,2025-03-15,33.4,50,19.6,8034,Clear,1.7,0.3,2025-03-15T12:00:00
737,Hyderabad,2025-03-15,18.2,69,30.1,3814,Clear,1.7,0.3,2025-03-15T12:00:00
738,Ahmedabad,2025-03-15,23.6,50,1.0,9248,Clear,0.2,0.3,2025-03-15T12:00:00
739,Pune,2025-03-15,33.5,90,23.5,1576,Clear,0.1,0.3,2025-03-15T12:00:00
740,Jaipur,2025-03-15,25.4,48,14.4,7492,Partly Cloudy,1.9,0.5,2025-03-15T12:00:00
741,Bengaluru,2025-03-16,21.3,70,25.1,804,Partly Cloudy,1.1,0.5,2025-03-16T12:00:00
742,Mumbai,2025-03-16,29.8,72,16.1,9840,Partly Cloudy,0.4,0.5,2025-03-16T12:00:00
743,Delhi,2025-03-16,22.3,43,32.7,7215,Partly Cloudy,1.4,0.5,2025-03-16T12:00:00
744,Chennai,2025-03-16,34.2,42,30.5,3966,Clear,1.4,0.3,2025-03-16T12:00:00
745,Lucknow,2025-03-16,20.9,55,20.6,9278,Clear,1.9,0.3,2025-03-16T12:00:00
746,Kolkata,2025-03-16,31.7,77,25.1,2710,Clear,0.3,0.3,2025-03-16T12:00:00
747,Hyderabad,2025-03-16,15.9,66,34.9,8000,Clear,0.5,0.3,2025-03-16T12:00:00
748,Ahmedabad,2025-03-16,31.7,73,26.4,4040,Partly Cloudy,1.1,0.5,2025-03-16T12:00:00
749,Pune,2025-03-16,29.4,78,3.4,1738,Partly Cloudy,0.8,0.5,2025-03-16T12:00:00
750,Jaipur,2025-03-16,18.3,41,4.4,8273,Partly Cloudy,1.4,0.5,2025-03-16T12:00:00
751,Bengaluru,2025-03-17,30.0,67,34.0,3531,Clear,0.5,0.3,2025-03-17T12:00:00
752,Mumbai,2025-03-17,24.4,78,23.0,2763,Cloudy,0.8,0.5,2025-03-17T12:00:00
753,Delhi,2025-03-17,32.7,93,33.8,5220,Clear,0.1,0.3,2025-03-17T12:00:00
754,Chennai,2025-03-17,18.8,68,28.8,725,Clear,0.9,0.3,2025-03-17T12:00:00
755,Lucknow,2025-03-17,20.7,81,7.5,2223,Clear,0.5,0.3,2025-03-17T12:00:00
756,Kolkata,2025-03-17,30.5,88,11.7,4272,Clear,0.7,0.3,2025-03-17T12:00:00
757,Hyderabad,2025-03-17,16.3,84,15.9,9296,Partly Cloudy,1.1,0.5,2025-03-17T12:00:00
758,Ahmedabad,2025-03-17,27.4,66,16.7,6968,Clear,0.8,0.3,2025-03-17T12:00:00
759,Pune,2025-03-17,25.8,45,12.5,3371,Cloudy,0.8,0.5,2025-03-17T12:00:00
760,Jaipur,2025-03-17,30.1,40,25.3,7843,Partly Cloudy,0.3,0.5,2025-03-17T12:00:00
761,Bengaluru,2025-03-18,34.4,59,2.7,3726,Cloudy,1.5,0.5,2025-03-18T12:00:00
762,Mumbai,2025-03-18,32.4,40,37.9,1238,Cloudy,1.8,0.5,2025-03-18T12:00:00
763,Delhi,2025-03-18,23.0,79,10.3,2422,Cloudy,1.2,0.5,2025-03-18T12:00:00
764,Chennai,2025-03-18,18.3,47,32.5,7286,Clear,0.1,0.3,2025-03-18T12:00:00
765,Lucknow,2025-03-18,21.4,65,37.7,1793,Cloudy,0.2,0.5,2025-03-18T12:00:00
766,Kolkata,2025-03-18,22.4,92,11.9,2174,Partly Cloudy,1.2,0.5,2025-03-18T12:00:00
767,Hyderabad,2025-03-18,29.0,63,7.3,3505,Clear,1.8,0.3,2025-03-18T12:00:00
768,Ahmedabad,2025-03-18,26.3,57,13.7,8754,Cloudy,0.2,0.5,2025-03-18T12:00:00
769,Pune,2025-03-18,21.8,75,7.7,5215,Partly Cloudy,1.4,0.5,2025-03-18T12:00:00
770,Jaipur,2025-03-18,25.1,73,24.3,704,Clear,1.0,0.3,2025-03-18T12:00:00
771,Bengaluru,2025-03-19,24.7,86,5.7,7419,Rainy,28.2,0.7,2025-03-19T12:00:00
772,Mumbai,2025-03-19,18.5,55,2.9,4404,Rainy,6.0,0.7,2025-03-19T12:00:00
773,Delhi,2025-03-19,22.7,81,12.8,8940,Cloudy,0.1,0.5,2025-03-19T12:00:00
774,Chennai,2025-03-19,16.6,40,35.4,4585,Rainy,9.0,0.7,2025-03-19T12:00:00
775,Lucknow,2025-03-19,25.7,80,31.5,5806,Rainy,44.2,0.7,2025-03-19T12:00:00
776,Kolkata,2025-03-19,18.3,69,27.6,4061,Cloudy,1.7,0.5,2025-03-19T12:00:00
777,Hyderabad,2025-03-19,22.9,55,36.6,8080,Rainy,13.3,0.7,2025-03-19T12:00:00
778,Ahmedabad,2025-03-19,28.3,72,30.7,7570,Cloudy,1.6,0.5,2025-03-19T12:00:00
779,Pune,2025-03-19,25.8,92,3.0,7889,Rainy,47.9,0.7,2025-03-19T12:00:00
780,Jaipur,2025-03-19,23.4,81,38.5,6415,Rainy,45.9,0.7,2025-03-19T12:00:00
781,Bengaluru,2025-03-20,28.4,51,29.7,957,Cloudy,1.2,0.5,2025-03-20T12:00:00
782,Mumbai,2025-03-20,21.8,67,31.8,8432,Partly Cloudy,0.6,0.5,2025-03-20T12:00:00
783,Delhi,2025-03-20,32.3,67,8.2,1280,Cloudy,0.7,0.5,2025-03-20T12:00:00
784,Chennai,2025-03-20,31.5,61,16.6,7852,Partly Cloudy,0.1,0.5,2025-03-20T12:00:00
785,Lucknow,2025-03-20,15.9,88,28.5,1513,Cloudy,1.6,0.5,2025-03-20T12:00:00
786,Kolkata,2025-03-20,15.2,92,28.4,9652,Clear,1.5,0.3,2025-03-20T12:00:00
787,Hyderabad,2025-03-20,17.5,44,2.1,2288,Clear,1.9,0.3,2025-03-20T12:00:00
788,Ahmedabad,2025-03-20,33.4,82,26.2,3761,Clear,0.4,0.3,2025-03-20T12:00:00
789,Pune,2025-03-20,20.6,85,33.2,1980,Clear,1.2,0.3,2025-03-20T12:00:00
790,Jaipur,2025-03-20,25.8,49,37.5,4291,Clear,1.9,0.3,2025-03-20T12:00:00
791,Bengaluru,2025-03-21,23.9,78,19.7,7315,Clear,0.7,0.3,2025-03-21T12:00:00
792,Mumbai,2025-03-21,15.9,79,7.6,2716,Cloudy,1.8,0.5,2025-03-21T12:00:00
793,Delhi,2025-03-21,28.7,85,36.5,3589,Partly Cloudy,0.3,0.5,2025-03-21T12:00:00
794,Chennai,2025-03-21,28.6,82,8.9,2214,Partly Cloudy,1.0,0.5,2025-03-21T12:00:00
795,Lucknow,2025-03-21,22.6,64,6.7,1895,Cloudy,1.3,0.5,2025-03-21T12:00:00
796,Kolkata,2025-03-21,22.2,59,24.6,6102,Partly Cloudy,1.4,0.5,2025-03-21T12:00:00
797,Hyderabad,2025-03-21,26.1,89,3.2,7672,Partly Cloudy,1.2,0.5,2025-03-21T12:00:00
798,Ahmedabad,2025-03-21,21.5,83,39.7,7747,Partly Cloudy,0.5,0.5,2025-03-21T12:00:00
799,Pune,2025-03-21,32.1,71,30.9,4738,Partly Cloudy,0.6,0.5,2025-03-21T12:00:00
800,Jaipur,2025-03-21,30.5,93,7.3,2984,Partly Cloudy,1.8,0.5,2025-03-21T12:00:00
801,Bengaluru,2025-03-22,33.0,67,10.8,8859,Partly Cloudy,0.5,0.5,2025-03-22T12:00:00
802,Mumbai,2025-03-22,29.3,82,37.4,4908,Partly Cloudy,1.5,0.5,2025-03-22T12:00:00
803,Delhi,2025-03-22,17.0,81,9.9,8381,Clear,1.3,0.3,2025-03-22T12:00:00
804,Chennai,2025-03-22,34.7,70,33.0,7140,Clear,1.8,0.3,2025-03-22T12:00:00
805,Lucknow,2025-03-22,27.6,81,4.4,2231,Clear,0.7,0.3,2025-03-22T12:00:00
806,Kolkata,2025-03-22,15.3,73,1.3,4706,Clear,0.5,0.3,2025-03-22T12:00:00
807,Hyderabad,2025-03-22,21.4,64,1.5,9459,Partly Cloudy,0.6,0.5,2025-03-22T12:00:00
808,Ahmedabad,2025-03-22,31.6,48,28.2,1052,Partly Cloudy,1.6,0.5,2025-03-22T12:00:00
809,Pune,2025-03-22,25.5,54,15.3,3523,Cloudy,0.7,0.5,2025-03-22T12:00:00
810,Jaipur,2025-03-22,29.9,59,30.8,3373,Clear,0.6,0.3,2025-03-22T12:00:00
811,Bengaluru,2025-03-23,23.3,75,33.1,4763,Clear,0.4,0.3,2025-03-23T12:00:00
812,Mumbai,2025-03-23,24.6,81,0.4,3415,Clear,0.8,0.3,2025-03-23T12:00:00
813,Delhi,2025-03-23,19.2,57,17.9,3078,Clear,1.6,0.3,2025-03-23T12:00:00
814,Chennai,2025-03-23,18.5,56,13.9,7013,Clear,0.8,0.3,2025-03-23T12:00:00
815,Lucknow,2025-03-23,21.5,53,0.5,9810,Cloudy,1.2,0.5,2025-03-23T12:00:00
816,Kolkata,2025-03-23,23.9,61,27.6,2741,Partly Cloudy,0.7,0.5,2025-03-23T12:00:00
817,Hyderabad,2025-03-23,26.9,66,13.6,3943,Partly Cloudy,0.1,0.5,2025-03-23T12:00:00
818,Ahmedabad,2025-03-23,29.0,74,29.1,5588,Partly Cloudy,0.7,0.5,2025-03-23T12:00:00
819,Pune,2025-03-23,28.8,76,23.4,9698,Clear,0.2,0.3,2025-03-23T12:00:00
820,Jaipur,2025-03-23,33.7,70,22.6,1053,Partly Cloudy,1.6,0.5,2025-03-23T12:00:00
821,Bengaluru,2025-03-24,32.4,42,2.3,1710,Partly Cloudy,0.3,0.5,2025-03-24T12:00:00
822,Mumbai,2025-03-24,32.1,68,1.0,2976,Cloudy,0.1,0.5,2025-03-24T12:00:00
823,Delhi,2025-03-24,28.2,76,17.5,3562,Clear,1.7,0.3,2025-03-24T12:00:00
824,Chennai,2025-03-24,20.2,65,5.7,6027,Partly Cloudy,0.3,0.5,2025-03-24T12:00:00
825,Lucknow,2025-03-24,21.2,53,4.4,4255,Cloudy,1.6,0.5,2025-03-24T12:00:00
826,Kolkata,2025-03-24,21.7,55,27.9,6427,Partly Cloudy,2.0,0.5,2025-03-24T12:00:00
827,Hyderabad,2025-03-24,30.6,72,26.1,9693,Clear,0.2,0.3,2025-03-24T12:00:00
828,Ahmedabad,2025-03-24,24.4,82,10.9,3390,Cloudy,0.5,0.5,2025-03-24T12:00:00
829,Pune,2025-03-24,28.3,78,20.3,7575,Cloudy,1.0,0.5,2025-03-24T12:00:00
830,Jaipur,2025-03-24,31.6,72,30.2,2662,Partly Cloudy,1.9,0.5,2025-03-24T12:00:00
831,Bengaluru,2025-03-25,15.7,69,25.1,8763,Clear,0.5,0.3,2025-03-25T12:00:00
832,Mumbai,2025-03-25,25.3,76,19.4,4236,Clear,0.9,0.3,2025-03-25T12:00:00
833,Delhi,2025-03-25,29.6,93,39.6,8737,Clear,1.3,0.3,2025-03-25T12:00:00
834,Chennai,2025-03-25,18.4,49,21.8,7751,Partly Cloudy,1.7,0.5,2025-03-25T12:00:00
835,Lucknow,2025-03-25,28.6,53,3.8,1015,Clear,2.0,0.3,2025-03-25T12:00:00
836,Kolkata,2025-03-25,22.9,50,4.9,9901,Partly Cloudy,1.6,0.5,2025-03-25T12:00:00
837,Hyderabad,2025-03-25,27.6,56,32.8,6627,Cloudy,0.2,0.5,2025-03-25T12:00:00
838,Ahmedabad,2025-03-25,23.6,56,13.8,1385,Partly Cloudy,0.4,0.5,2025-03-25T12:00:00
839,Pune,2025-03-25,19.7,48,38.6,6231,Partly Cloudy,0.6,0.5,2025-03-25T12:00:00
840,Jaipur,2025-03-25,34.4,85,33.7,4833,Clear,1.3,0.3,2025-03-25T12:00:00
841,Bengaluru,2025-03-26,33.6,84,15.2,5575,Rainy,26.4,0.7,2025-03-26T12:00:00
842,Mumbai,2025-03-26,27.2,94,6.8,1620,Rainy,35.2,0.7,2025-03-26T12:00:00
843,Delhi,2025-03-26,22.6,89,12.1,3262,Cloudy,0.4,0.5,2025-03-26T12:00:00
844,Chennai,2025-03-26,24.0,79,2.6,7619,Cloudy,1.2,0.5,2025-03-26T12:00:00
845,Lucknow,2025-03-26,26.9,89,13.1,8760,Cloudy,0.5,0.5,2025-03-26T12:00:00
846,Kolkata,2025-03-26,19.6,51,12.3,649,Rainy,28.2,0.7,2025-03-26T12:00:00
847,Hyderabad,2025-03-26,28.1,49,35.2,7892,Rainy,12.2,0.7,2025-03-26T12:00:00
848,Ahmedabad,2025-03-26,31.1,87,7.3,1251,Cloudy,1.6,0.5,2025-03-26T12:00:00
849,Pune,2025-03-26,21.3,53,5.8,4793,Cloudy,0.8,0.5,2025-03-26T12:00:00
850,Jaipur,2025-03-26,34.0,56,14.6,9914,Rainy,18.3,0.7,2025-03-26T12:00:00
851,Bengaluru,2025-03-27,16.3,82,5.1,3663,Clear,0.1,0.3,2025-03-27T12:00:00
852,Mumbai,2025-03-27,24.7,74,39.5,1652,Clear,1.7,0.3,2025-03-27T12:00:00
853,Delhi,2025-03-27,21.5,87,22.5,7919,Clear,0.1,0.3,2025-03-27T12:00:00
854,Chennai,2025-03-27,34.2,61,25.6,5906,Clear,1.9,0.3,2025-03-27T12:00:00
855,Lucknow,2025-03-27,27.1,62,22.7,9325,Partly Cloudy,1.2,0.5,2025-03-27T12:00:00
856,Kolkata,2025-03-27,17.6,41,3.2,3667,Clear,1.3,0.3,2025-03-27T12:00:00
857,Hyderabad,2025-03-27,16.0,53,19.6,7514,Partly Cloudy,0.5,0.5,2025-03-27T12:00:00
858,Ahmedabad,2025-03-27,23.6,72,12.4,9075,Cloudy,1.9,0.5,2025-03-27T12:00:00
859,Pune,2025-03-27,25.9,86,21.4,5401,Partly Cloudy,0.6,0.5,2025-03-27T12:00:00
860,Jaipur,2025-03-27,26.0,56,29.7,6165,Clear,1.6,0.3,2025-03-27T12:00:00
861,Bengaluru,2025-03-28,31.4,71,16.8,8676,Clear,0.8,0.3,2025-03-28T12:00:00
862,Mumbai,2025-03-28,19.8,54,7.0,9863,Clear,1.5,0.3,2025-03-28T12:00:00
863,Delhi,2025-03-28,22.9,72,25.5,3723,Cloudy,2.0,0.5,2025-03-28T12:00:00
864,Chennai,2025-03-28,22.4,71,2.7,3046,Clear,1.9,0.3,2025-03-28T12:00:00
865,Lucknow,2025-03-28,32.0,64,27.8,1403,Clear,0.9,0.3,2025-03-28T12:00:00
866,Kolkata,2025-03-28,34.3,72,3.8,4951,Cloudy,0.2,0.5,2025-03-28T12:00:00
867,Hyderabad,2025-03-28,18.9,92,15.9,8054,Cloudy,1.5,0.5,2025-03-28T12:00:00
868,Ahmedabad,2025-03-28,27.7,65,22.6,6259,Clear,0.8,0.3,2025-03-28T12:00:00
869,Pune,2025-03-28,22.0,46,5.3,1568,Clear,0.9,0.3,2025-03-28T12:00:00
870,Jaipur,2025-03-28,23.3,46,34.7,3445,Cloudy,0.9,0.5,2025-03-28T12:00:00
871,Bengaluru,2025-03-29,16.1,59,3.6,3784,Cloudy,1.6,0.5,2025-03-29T12:00:00
872,Mumbai,2025-03-29,15.9,63,24.3,6255,Cloudy,0.0,0.5,2025-03-29T12:00:00
873,Delhi,2025-03-29,32.5,90,30.9,4373,Partly Cloudy,1.1,0.5,2025-03-29T12:00:00
874,Chennai,2025-03-29,25.0,48,19.1,3178,Clear,1.2,0.3,2025-03-29T12:00:00
875,Lucknow,2025-03-29,29.7,43,12.4,8706,Partly Cloudy,0.5,0.5,2025-03-29T12:00:00
876,Kolkata,2025-03-29,29.7,60,1.4,2778,Clear,0.8,0.3,2025-03-29T12:00:00
877,Hyderabad,2025-03-29,16.7,87,13.6,2780,Cloudy,1.1,0.5,2025-03-29T12:00:00
878,Ahmedabad,2025-03-29,22.7,74,14.1,8798,Clear,1.0,0.3,2025-03-29T12:00:00
879,Pune,2025-03-29,32.7,81,11.0,7543,Partly Cloudy,1.7,0.5,2025-03-29T12:00:00
880,Jaipur,2025-03-29,23.6,60,6.1,3532,Cloudy,1.9,0.5,2025-03-29T12:00:00
881,Bengaluru,2025-03-30,23.0,91,12.6,2103,Clear,0.4,0.3,2025-03-30T12:00:00
882,Mumbai,2025-03-30,25.9,86,28.2,9005,Partly Cloudy,2.0,0.5,2025-03-30T12:00:00
883,Delhi,2025-03-30,26.8,41,29.8,5788,Clear,0.6,0.3,2025-03-30T12:00:00
884,Chennai,2025-03-30,20.2,94,17.7,4145,Cloudy,0.2,0.5,2025-03-30T12:00:00
885,Lucknow,2025-03-30,22.5,55,5.3,7962,Clear,0.7,0.3,2025-03-30T12:00:00
886,Kolkata,2025-03-30,30.2,94,3.9,3158,Cloudy,0.5,0.5,2025-03-30T12:00:00
887,Hyderabad,2025-03-30,15.3,58,2.4,2542,Partly Cloudy,1.4,0.5,2025-03-30T12:00:00
888,Ahmedabad,2025-03-30,30.2,94,18.6,8895,Partly Cloudy,0.6,0.5,2025-03-30T12:00:00
889,Pune,2025-03-30,15.1,60,17.5,9919,Clear,0.5,0.3,2025-03-30T12:00:00
890,Jaipur,2025-03-30,27.6,40,13.4,9591,Partly Cloudy,0.6,0.5,2025-03-30T12:00:00
891,Bengaluru,2025-03-31,21.8,60,3.4,3532,Clear,1.2,0.3,2025-03-31T12:00:00
892,Mumbai,2025-03-31,16.0,42,14.1,6329,Partly Cloudy,1.7,0.5,2025-03-31T12:00:00
893,Delhi,2025-03-31,16.1,82,8.5,6133,Clear,1.6,0.3,2025-03-31T12:00:00
894,Chennai,2025-03-31,34.8,40,9.6,4112,Partly Cloudy,0.1,0.5,2025-03-31T12:00:00
895,Lucknow,2025-03-31,28.9,44,26.2,9134,Clear,0.8,0.3,2025-03-31T12:00:00
896,Kolkata,2025-03-31,22.1,72,1.7,4834,Partly Cloudy,0.1,0.5,2025-03-31T12:00:00
897,Hyderabad,2025-03-31,15.4,42,35.2,673,Cloudy,1.8,0.5,2025-03-31T12:00:00
898,Ahmedabad,2025-03-31,29.9,51,14.2,3253,Clear,1.6,0.3,2025-03-31T12:00:00
899,Pune,2025-03-31,33.9,73,35.4,911,Partly Cloudy,1.9,0.5,2025-03-31T12:00:00
900,Jaipur,2025-03-31,15.1,68,20.8,7463,Clear,0.6,0.3,2025-03-31T12:00:00
901,Bengaluru,2025-04-01,30.1,75,16.5,4340,Partly Cloudy,1.5,0.5,2025-04-01T12:00:00
902,Mumbai,2025-04-01,21.8,68,28.4,7018,Partly Cloudy,0.5,0.5,2025-04-01T12:00:00
903,Delhi,2025-04-01,21.8,92,30.3,3822,Cloudy,0.2,0.5,2025-04-01T12:00:00
904,Chennai,2025-04-01,32.2,73,36.6,1915,Clear,0.7,0.3,2025-04-01T12:00:00
905,Lucknow,2025-04-01,27.1,74,18.9,7168,Clear,0.4,0.3,2025-04-01T12:00:00
906,Kolkata,2025-04-01,30.6,90,29.6,3412,Cloudy,1.2,0.5,2025-04-01T12:00:00
907,Hyderabad,2025-04-01,33.6,64,36.4,8937,Clear,1.0,0.3,2025-04-01T12:00:00
908,Ahmedabad,2025-04-01,26.1,84,31.7,6707,Cloudy,1.8,0.5,2025-04-01T12:00:00
909,Pune,2025-04-01,17.4,73,27.0,6677,Clear,1.4,0.3,2025-04-01T12:00:00
910,Jaipur,2025-04-01,32.6,80,12.7,7673,Cloudy,2.0,0.5,2025-04-01T12:00:00
911,Bengaluru,2025-04-02,19.3,44,18.2,1867,Cloudy,1.2,0.5,2025-04-02T12:00:00
912,Mumbai,2025-04-02,33.0,73,32.1,717,Rainy,7.3,0.7,2025-04-02T12:00:00
913,Delhi,2025-04-02,34.7,51,29.6,4361,Rainy,21.6,0.7,2025-04-02T12:00:00
914,Chennai,2025-04-02,26.4,57,27.5,9520,Cloudy,1.8,0.5,2025-04-02T12:00:00
915,Lucknow,2025-04-02,24.7,58,18.5,6464,Rainy,44.9,0.7,2025-04-02T12:00:00
916,Kolkata,2025-04-02,33.7,85,36.1,4179,Cloudy,1.6,0.5,2025-04-02T12:00:00
917,Hyderabad,2025-04-02,22.4,66,23.2,6337,Rainy,22.1,0.7,2025-04-02T12:00:00
918,Ahmedabad,2025-04-02,23.2,65,13.2,9411,Cloudy,0.7,0.5,2025-04-02T12:00:00
919,Pune,2025-04-02,15.5,91,36.8,4793,Cloudy,1.0,0.5,2025-04-02T12:00:00
920,Jaipur,2025-04-02,32.0,79,33.2,6133,Rainy,25.0,0.7,2025-04-02T12:00:00
921,Bengaluru,2025-04-03,18.1,43,29.1,4778,Clear,0.5,0.3,2025-04-03T12:00:00
922,Mumbai,2025-04-03,16.0,58,1.7,899,Clear,1.5,0.3,2025-04-03T12:00:00
923,Delhi,2025-04-03,21.8,45,29.5,9749,Clear,0.7,0.3,2025-04-03T12:00:00
924,Chennai,2025-04-03,32.7,45,14.4,5019,Partly Cloudy,0.7,0.5,2025-04-03T12:00:00
925,Lucknow,2025-04-03,19.5,77,12.8,5976,Partly Cloudy,1.1,0.5,2025-04-03T12:00:00
926,Kolkata,2025-04-03,30.7,60,39.8,1658,Clear,1.2,0.3,2025-04-03T12:00:00
927,Hyderabad,2025-04-03,24.8,58,35.7,5393,Clear,1.8,0.3,2025-04-03T12:00:00
928,Ahmedabad,2025-04-03,15.9,49,37.2,8837,Partly Cloudy,0.2,0.5,2025-04-03T12:00:00
929,Pune,2025-04-03,16.6,63,30.0,5717,Clear,1.8,0.3,2025-04-03T12:00:00
930,Jaipur,2025-04-03,32.5,77,26.8,515,Partly Cloudy,1.9,0.5,2025-04-03T12:00:00
931,Bengaluru,2025-04-04,22.6,87,28.8,6496,Clear,0.3,0.3,2025-04-04T12:00:00
932,Mumbai,2025-04-04,29.2,45,21.8,7954,Clear,1.6,0.3,2025-04-04T12:00:00
933,Delhi,2025-04-04,30.9,67,27.3,2565,Partly Cloudy,1.7,0.5,2025-04-04T12:00:00
934,Chennai,2025-04-04,19.6,49,36.8,2165,Clear,1.4,0.3,2025-04-04T12:00:00
935,Lucknow,2025-04-04,34.7,62,10.3,7322,Clear,0.5,0.3,2025-04-04T12:00:00
936,Kolkata,2025-04-04,30.4,57,13.6,3895,Clear,1.2,0.3,2025-04-04T12:00:00
937,Hyderabad,2025-04-04,33.0,48,29.4,1767,Partly Cloudy,0.5,0.5,2025-04-04T12:00:00
938,Ahmedabad,2025-04-04,18.4,66,12.9,852,Cloudy,0.5,0.5,2025-04-04T12:00:00
939,Pune,2025-04-04,19.2,49,4.8,5599,Cloudy,1.5,0.5,2025-04-04T12:00:00
940,Jaipur,2025-04-04,30.4,55,0.2,6223,Partly Cloudy,0.5,0.5,2025-04-04T12:00:00
941,Bengaluru,2025-04-05,17.3,68,28.0,7199,Clear,1.4,0.3,2025-04-05T12:00:00
942,Mumbai,2025-04-05,22.9,50,6.4,3381,Clear,0.2,0.3,2025-04-05T12:00:00
943,Delhi,2025-04-05,21.3,88,25.2,2616,Cloudy,1.3,0.5,2025-04-05T12:00:00
944,Chennai,2025-04-05,25.3,49,10.2,4385,Partly Cloudy,1.3,0.5,2025-04-05T12:00:00
945,Lucknow,2025-04-05,28.7,68,31.4,4231,Clear,0.7,0.3,2025-04-05T12:00:00
946,Kolkata,2025-04-05,22.3,78,29.4,4666,Cloudy,1.4,0.5,2025-04-05T12:00:00
947,Hyderabad,2025-04-05,23.3,62,17.9,1812,Cloudy,1.5,0.5,2025-04-05T12:00:00
948,Ahmedabad,2025-04-05,20.6,56,19.8,2161,Cloudy,1.8,0.5,2025-04-05T12:00:00
949,Pune,2025-04-05,24.6,59,35.9,3762,Clear,1.8,0.3,2025-04-05T12:00:00
950,Jaipur,2025-04-05,29.0,51,7.7,3371,Cloudy,0.2,0.5,2025-04-05T12:00:00
951,Bengaluru,2025-04-06,26.8,85,22.5,7665,Clear,1.3,0.3,2025-04-06T12:00:00
952,Mumbai,2025-04-06,32.2,76,28.0,9889,Partly Cloudy,0.4,0.5,2025-04-06T12:00:00
953,Delhi,2025-04-06,32.4,42,3.5,8120,Clear,0.0,0.3,2025-04-06T12:00:00
954,Chennai,2025-04-06,27.3,45,11.6,2613,Clear,1.8,0.3,2025-04-06T12:00:00
955,Lucknow,2025-04-06,16.8,42,26.2,6473,Partly Cloudy,1.8,0.5,2025-04-06T12:00:00
956,Kolkata,2025-04-06,29.0,77,0.7,4947,Clear,1.1,0.3,2025-04-06T12:00:00
957,Hyderabad,2025-04-06,32.6,73,36.1,526,Clear,1.8,0.3,2025-04-06T12:00:00
958,Ahmedabad,2025-04-06,26.6,79,6.2,8088,Partly Cloudy,0.9,0.5,2025-04-06T12:00:00
959,Pune,2025-04-06,21.5,72,29.1,9935,Clear,0.7,0.3,2025-04-06T12:00:00
960,Jaipur,2025-04-06,33.5,86,29.6,7177,Partly Cloudy,0.2,0.5,2025-04-06T12:00:00
961,Bengaluru,2025-04-07,20.3,91,5.8,8290,Partly Cloudy,0.2,0.5,2025-04-07T12:00:00
962,Mumbai,2025-04-07,26.1,45,7.7,4571,Cloudy,0.4,0.5,2025-04-07T12:00:00
963,Delhi,2025-04-07,33.5,92,4.3,1119,Clear,0.4,0.3,2025-04-07T12:00:00
964,Chennai,2025-04-07,23.4,51,13.1,9108,Partly Cloudy,1.9,0.5,2025-04-07T12:00:00
965,Lucknow,2025-04-07,17.6,49,26.5,2805,Partly Cloudy,1.1,0.5,2025-04-07T12:00:00
966,Kolkata,2025-04-07,25.0,44,7.4,7835,Partly Cloudy,1.5,0.5,2025-04-07T12:00:00
967,Hyderabad,2025-04-07,32.6,63,30.4,8257,Clear,1.1,0.3,2025-04-07T12:00:00
968,Ahmedabad,2025-04-07,24.9,75,9.2,5390,Cloudy,1.4,0.5,2025-04-07T12:00:00
969,Pune,2025-04-07,29.1,82,2.3,8282,Clear,0.4,0.3,2025-04-07T12:00:00
970,Jaipur,2025-04-07,28.2,60,36.6,6243,Cloudy,0.6,0.5,2025-04-07T12:00:00
971,Bengaluru,2025-04-08,32.4,78,7.0,6391,Clear,0.9,0.3,2025-04-08T12:00:00
972,Mumbai,2025-04-08,31.3,80,29.7,6152,Cloudy,0.9,0.5,2025-04-08T12:00:00
973,Delhi,2025-04-08,20.3,88,3.0,6763,Partly Cloudy,1.8,0.5,2025-04-08T12:00:00
974,Chennai,2025-04-08,21.3,93,3.7,7410,Partly Cloudy,0.9,0.5,2025-04-08T12:00:00
975,Lucknow,2025-04-08,15.3,59,12.1,7576,Clear,1.7,0.3,2025-04-08T12:00:00
976,Kolkata,2025-04-08,27.4,76,9.1,4972,Clear,0.1,0.3,2025-04-08T12:00:00
977,Hyderabad,2025-04-08,24.4,76,39.4,4706,Clear,0.8,0.3,2025-04-08T12:00:00
978,Ahmedabad,2025-04-08,19.8,40,4.2,2683,Partly Cloudy,0.9,0.5,2025-04-08T12:00:00
979,Pune,2025-04-08,23.0,63,13.0,4517,Cloudy,0.6,0.5,2025-04-08T12:00:00
980,Jaipur,2025-04-08,24.0,75,16.6,8059,Clear,0.6,0.3,2025-04-08T12:00:00
981,Bengaluru,2025-04-09,18.2,76,35.2,4489,Cloudy,1.2,0.5,2025-04-09T12:00:00
982,Mumbai,2025-04-09,20.3,87,14.6,8923,Rainy,17.1,0.7,2025-04-09T12:00:00
983,Delhi,2025-04-09,34.8,77,5.8,3500,Rainy,3.4,0.7,2025-04-09T12:00:00
984,Chennai,2025-04-09,29.2,61,14.3,3300,Rainy,20.7,0.7,2025-04-09T12:00:00
985,Lucknow,2025-04-09,31.7,42,22.1,520,Cloudy,1.6,0.5,2025-04-09T12:00:00
986,Kolkata,2025-04-09,29.4,87,33.4,9875,Cloudy,1.8,0.5,2025-04-09T12:00:00
987,Hyderabad,2025-04-09,25.4,85,1.5,2600,Rainy,46.8,0.7,2025-04-09T12:00:00
988,Ahmedabad,2025-04-09,16.5,54,39.8,6256,Rainy,38.4,0.7,2025-04-09T12:00:00
989,Pune,2025-04-09,16.8,63,32.4,5759,Cloudy,0.1,0.5,2025-04-09T12:00:00
990,Jaipur,2025-04-09,19.3,74,18.5,4605,Rainy,5.2,0.7,2025-04-09T12:00:00
991,Bengaluru,2025-04-10,24.2,47,15.3,4748,Clear,1.1,0.3,2025-04-10T12:00:00
992,Mumbai,2025-04-10,26.8,42,34.6,3468,Clear,0.6,0.3,2025-04-10T12:00:00
993,Delhi,2025-04-10,19.8,55,31.5,6286,Partly Cloudy,0.9,0.5,2025-04-10T12:00:00
994,Chennai,2025-04-10,15.8,84,39.2,7666,Clear,0.6,0.3,2025-04-10T12:00:00
995,Lucknow,2025-04-10,18.2,60,22.7,4110,Clear,1.4,0.3,2025-04-10T12:00:00
996,Kolkata,2025-04-10,16.3,82,25.9,5722,Cloudy,1.3,0.5,2025-04-10T12:00:00
997,Hyderabad,2025-04-10,21.4,67,33.2,1939,Partly Cloudy,0.1,0.5,2025-04-10T12:00:00
998,Ahmedabad,2025-04-10,18.7,92,15.7,4226,Partly Cloudy,0.1,0.5,2025-04-10T12:00:00
999,Pune,2025-04-10,27.4,47,19.3,9790,Clear,0.6,0.3,2025-04-10T12:00:00
1000,Jaipur,2025-04-10,17.2,66,6.3,1380,Cloudy,1.6,0.5,2025-04-10T12:00:00
